Id,Label,Properties:name,Properties:pubchemId,Properties:chemblId,Properties:smiles,Properties:inchiKey,Properties:type,Properties:molecularFormula,Properties:exactMass,Properties:logP,Properties:hbd,Properties:hba,Properties:rotatablebonds,Properties:polarSurfaceArea,Properties:bioavailability,Properties:source,Properties:confidence
COMPOUND_00001,Compound,Chemical_Compound_001,CID532524,CHEMBL706499,C=OC,QXKDBAHKONNXQX-QYDKHKCXOD-C,LIPID,C20H42N1O6,978.4167,-1.81,3,13,10,47.59,0.89,PUBCHEM,0.867
COMPOUND_00002,Compound,Chemical_Compound_002,CID331505,CHEMBL249567,CCOc1ccccc1C,UXZEGMDLFOYSHG-WJEGXHAWKH-X,PEPTIDE,C17H17O3,930.0838,1.27,8,2,15,29.0,0.93,PUBCHEM,0.951
COMPOUND_00003,Compound,Chemical_Compound_003,CID205214,CHEMBL960012,CCNc1ccccc1CCOC=OCCC,JTPIAEGAXIPCRS-NWCXAPUAEG-Z,PEPTIDE,C23H55N2O8,656.0061,-1.06,4,7,8,100.68,0.64,PUBCHEM,0.905
COMPOUND_00004,Compound,Chemical_Compound_004,CID796351,CHEMBL114057,CCNCCCCCCCCCC,ALCWJQZQHAJDFN-BLBMQZBDVJ-P,FLAVONOID,C29H37N2O0Cl3,657.9262,-0.27,10,3,1,117.81,0.95,PUBCHEM,0.828
COMPOUND_00005,Compound,Chemical_Compound_005,CID927186,CHEMBL681184,CCCc1ccccc1CCCCCNC=O,PYFSTWPODNDBYI-DQSJZVMIGT-L,FLAVONOID,C19H24O8Cl2,906.1379,0.58,5,8,4,134.11,0.11,PUBCHEM,0.851
COMPOUND_00006,Compound,Chemical_Compound_006,CID152972,CHEMBL925609,c1ccccc1C=OC=O,NPMKPFADUDOPSA-NAVZTKCZVK-G,LIPID,C27H39N4O2,509.1882,6.13,4,1,9,165.65,0.36,PUBCHEM,0.954
COMPOUND_00007,Compound,Chemical_Compound_007,CID513496,CHEMBL848186,CCCC,INGOFBZVKZZJSA-UNZTTKMFCD-K,NUCLEOTIDE,C15H36N2O8S0,473.5961,-1.67,3,3,15,170.87,0.36,PUBCHEM,0.939
COMPOUND_00008,Compound,Chemical_Compound_008,CID613132,CHEMBL377882,CCNC=OC=OCCN,DCDOGVKOEGOEPF-SFATJLRKEZ-I,CARBOHYDRATE,C13H14N7O3,906.4257,3.01,10,0,11,115.86,0.63,PUBCHEM,0.93
COMPOUND_00009,Compound,Chemical_Compound_009,CID389819,CHEMBL247545,CC,GPGSGBKWHHOIZZ-MOZSWITLTY-C,STEROID,C13H15O2S0,642.6662,6.66,2,14,7,50.45,0.7,PUBCHEM,0.874
COMPOUND_00010,Compound,Chemical_Compound_010,CID557210,CHEMBL660583,C=OCC,OKBCYYJDWQQEYY-BVLZMJDPVZ-N,NUCLEOTIDE,C5H56N5,736.959,1.91,0,12,7,140.8,0.83,PUBCHEM,0.849
COMPOUND_00011,Compound,Chemical_Compound_011,CID439239,CHEMBL777967,C=OCC,XHDZTZRFTWIWRB-BLVMDOOXOT-O,STEROID,C13H46O10,529.4014,2.42,8,5,20,36.35,0.84,PUBCHEM,0.898
COMPOUND_00012,Compound,Chemical_Compound_012,CID291255,CHEMBL254639,CCCCCO,WBVTGSESPWAERT-PZRBMBJZFT-D,STEROID,C16H10,331.1364,2.76,9,11,2,89.5,0.26,PUBCHEM,0.956
COMPOUND_00013,Compound,Chemical_Compound_013,CID486895,CHEMBL919911,CCC(=O)OCCN,XXWLECKJQVZCXB-AMAEOKQQVX-M,ALKALOID,C9H48N8O10,341.5661,7.27,6,2,12,183.15,0.67,PUBCHEM,0.89
COMPOUND_00014,Compound,Chemical_Compound_014,CID511706,CHEMBL317474,C=OCC,HFSDDVVXTVEJLB-FMJGAXGRZL-D,CARBOHYDRATE,C30H49O10,552.4541,0.38,4,10,9,184.3,0.29,PUBCHEM,0.808
COMPOUND_00015,Compound,Chemical_Compound_015,CID224098,CHEMBL779910,CCCOCCOCCC,UEUOUBLDYHMDOZ-ZXGRCVJJZC-Z,SMALL_MOLECULE,C23H19N1O1,843.2993,6.48,4,9,19,138.17,0.35,PUBCHEM,0.83
COMPOUND_00016,Compound,Chemical_Compound_016,CID601182,CHEMBL247752,CCCCCCCCO,CTIEWHAMBQHZPM-FLLTZIZPYE-J,FLAVONOID,C21H50N7O7Cl0,354.3158,2.42,2,8,4,38.26,0.94,PUBCHEM,0.807
COMPOUND_00017,Compound,Chemical_Compound_017,CID761383,CHEMBL533591,CCOCCCc1ccccc1,TKDOOWVXKLLWZD-OBGLTZIDSB-Z,NUCLEOTIDE,C5H22,618.6068,6.17,3,12,13,152.75,0.75,PUBCHEM,0.949
COMPOUND_00018,Compound,Chemical_Compound_018,CID813751,CHEMBL987833,CCNCCOCCCOCCN,PGSTADPBNEDVEY-GDFUTOOTRZ-G,STEROID,C17H56O9,649.2133,1.29,9,14,10,195.77,0.7,PUBCHEM,0.813
COMPOUND_00019,Compound,Chemical_Compound_019,CID188834,CHEMBL262703,CCOCCNCCO,SGOHFDTREJFFWB-YHTUAXRKIT-N,CARBOHYDRATE,C12H58N5O8Cl2,479.9566,7.4,1,2,6,51.68,0.28,PUBCHEM,0.836
COMPOUND_00020,Compound,Chemical_Compound_020,CID746018,CHEMBL991700,CCOCC,JBTTAYHSFGRACE-SBYYAJPJPG-B,SMALL_MOLECULE,C15H38O6Cl1,408.0495,-1.8,9,5,20,81.77,0.88,PUBCHEM,0.928
COMPOUND_00021,Compound,Chemical_Compound_021,CID588234,CHEMBL153222,CCNCCN,GZMOMEIJYGVOAG-EGWPDBHOYB-N,ALKALOID,C6H28O3,353.0258,3.26,8,0,0,56.95,0.57,PUBCHEM,0.9
COMPOUND_00022,Compound,Chemical_Compound_022,CID626612,CHEMBL355095,CCC=OC(=O)O,XCQRIOUSRPNASS-IXGXAGESFB-Y,PEPTIDE,C23H31O8,500.9082,3.52,9,7,3,37.58,0.53,PUBCHEM,0.953
COMPOUND_00023,Compound,Chemical_Compound_023,CID641200,CHEMBL872574,CCOC,WFGOFZRKZTSMSF-VSGTBGEFFT-I,STEROID,C24H29N8O0,151.9845,2.44,0,13,18,85.81,0.33,PUBCHEM,0.968
COMPOUND_00024,Compound,Chemical_Compound_024,CID327137,CHEMBL876918,CCNCCc1ccccc1CCCCO,LJSQXDMCMUKSCC-RBFJRPUAWX-W,SMALL_MOLECULE,C13H45N3O6Cl0,342.6741,6.79,8,10,5,38.04,0.45,PUBCHEM,0.843
COMPOUND_00025,Compound,Chemical_Compound_025,CID609076,CHEMBL480480,CCCNCCc1ccccc1c1ccccc1,KEMZUQXRFWJHKY-GRHOHXLVVX-F,STEROID,C16H48N0O0,329.3535,-1.38,9,5,20,126.5,0.48,PUBCHEM,0.889
COMPOUND_00026,Compound,Chemical_Compound_026,CID472934,CHEMBL658746,C=Oc1ccccc1C=OC(=O)OCCN,WXWVHXEQZYFTVV-WEBOUBPOFH-M,STEROID,C24H17O3,958.8353,7.1,2,7,14,182.0,0.44,PUBCHEM,0.837
COMPOUND_00027,Compound,Chemical_Compound_027,CID740564,CHEMBL593969,C(=O)OCCCNc1ccccc1CCO,PRJIGGDDINLMUM-ZBKCRJHHYJ-P,FLAVONOID,C25H40N2S0,295.9414,3.13,8,1,16,56.32,0.1,PUBCHEM,0.858
COMPOUND_00028,Compound,Chemical_Compound_028,CID403619,CHEMBL827122,CCCCNCCNC,LXNQITFNNDOVEH-QRSQCAGHUM-F,LIPID,C21H36,351.8635,-1.26,2,8,11,36.78,0.96,PUBCHEM,0.864
COMPOUND_00029,Compound,Chemical_Compound_029,CID768960,CHEMBL986913,CC=Oc1ccccc1CC,WUMQOLXTBLFCCV-DVDWVARFEW-E,PEPTIDE,C23H14N0,961.808,4.72,6,8,17,97.73,0.38,PUBCHEM,0.888
COMPOUND_00030,Compound,Chemical_Compound_030,CID909105,CHEMBL418580,C(=O)OCCOCCN,CCQKUENUOTXDZO-MYVWSASBKI-J,SMALL_MOLECULE,C23H60N0O8,237.5024,2.48,4,14,19,176.31,0.75,PUBCHEM,0.949
COMPOUND_00031,Compound,Chemical_Compound_031,CID586872,CHEMBL661846,CCC(=O)OCCCC(=O)O,KKAHIMMCXYYCOE-LLBASPNNDM-R,LIPID,C10H55N8Cl2,327.1846,4.64,3,8,14,116.69,0.11,PUBCHEM,0.964
COMPOUND_00032,Compound,Chemical_Compound_032,CID110684,CHEMBL811780,CCCO,WHOKORJKXBXDES-ZVRWIMBIMP-M,ALKALOID,C8H42N7O8,134.7081,-0.91,2,5,11,44.33,0.12,PUBCHEM,0.946
COMPOUND_00033,Compound,Chemical_Compound_033,CID301729,CHEMBL510314,CCNC,CPDMPKBDKWRTUF-SQOTYEZFZK-X,NUCLEOTIDE,C7H26N6,654.5276,7.01,3,4,4,150.39,0.1,PUBCHEM,0.891
COMPOUND_00034,Compound,Chemical_Compound_034,CID327784,CHEMBL814038,C(=O)Oc1ccccc1C=OCCCCO,VSBGOWGJWINNRD-EJJOBNKDER-V,LIPID,C8H13N4Cl0,663.148,7.83,6,12,4,60.05,0.17,PUBCHEM,0.856
COMPOUND_00035,Compound,Chemical_Compound_035,CID710051,CHEMBL608193,CCOc1ccccc1,ZBJMPTFUHRAQEH-INWPAAUSNJ-J,PEPTIDE,C24H56O4S2,489.8871,0.56,1,9,6,142.26,0.45,PUBCHEM,0.807
COMPOUND_00036,Compound,Chemical_Compound_036,CID309412,CHEMBL906341,C(=O)OCCCCCNCCN,NGCUWGYOPWIJEG-BTJTWOEPNI-G,PEPTIDE,C9H21N5,108.068,-1.33,0,7,1,198.58,0.83,PUBCHEM,0.897
COMPOUND_00037,Compound,Chemical_Compound_037,CID612145,CHEMBL984673,CCNCCNC(=O)O,ZTVBZJQQJIXFZC-RXUVISKPTW-P,FLAVONOID,C10H19N5O0S1,723.2433,0.46,1,3,15,153.43,0.25,PUBCHEM,0.944
COMPOUND_00038,Compound,Chemical_Compound_038,CID898629,CHEMBL827565,c1ccccc1CCCCCC,WRVEXHULWJUQPQ-QMWDYATDLI-X,PEPTIDE,C11H32N5O8S2,862.3061,2.47,3,10,2,52.67,0.43,PUBCHEM,0.972
COMPOUND_00039,Compound,Chemical_Compound_039,CID930597,CHEMBL369241,CCNCC(=O)OCCO,VDFVCSGEBOXVOX-LSZSXCEZNY-P,PEPTIDE,C8H59O10,298.2828,0.01,0,0,17,194.43,0.57,PUBCHEM,0.961
COMPOUND_00040,Compound,Chemical_Compound_040,CID372588,CHEMBL863841,CC(=O)OCCCCCc1ccccc1,ZKMDJMQVKONIEP-WBRKSLXWZF-M,NUCLEOTIDE,C10H55N6,881.5419,2.52,10,2,6,121.24,0.85,PUBCHEM,0.875
COMPOUND_00041,Compound,Chemical_Compound_041,CID370231,CHEMBL470773,CCCC(=O)OCCCCCC,LZFWPCCTGNRQBE-ZFDXEBPHNO-K,PEPTIDE,C8H17N2O10S0Cl0,374.9859,5.95,0,1,8,112.31,0.49,PUBCHEM,0.818
COMPOUND_00042,Compound,Chemical_Compound_042,CID795005,CHEMBL775127,CCOC=OCCOc1ccccc1,NCCNDEJPAHWHPR-LWHPDDHFAC-J,FLAVONOID,C21H53O10Cl2,633.8528,1.67,1,2,9,34.22,0.95,PUBCHEM,0.877
COMPOUND_00043,Compound,Chemical_Compound_043,CID679241,CHEMBL506388,CCCCCCCNCCOCC,LBZYVBHRVMTRCO-DNFJESJRVZ-U,ALKALOID,C20H43O9S0Cl3,545.4101,1.31,1,4,16,60.03,0.99,PUBCHEM,0.928
COMPOUND_00044,Compound,Chemical_Compound_044,CID532935,CHEMBL798613,c1ccccc1CCCC(=O)O,VVVEEVIJIEAIVC-EQBIJFXIXK-V,FLAVONOID,C23H59N2O8Cl0,806.3623,5.49,3,11,4,117.93,0.52,PUBCHEM,0.872
COMPOUND_00045,Compound,Chemical_Compound_045,CID523648,CHEMBL915648,CCOCCC(=O)OCC,VZOIGFLOWSMPNM-IELGPXXNTQ-Z,ALKALOID,C10H17N7,688.0634,-0.28,0,7,16,47.19,0.31,PUBCHEM,0.93
COMPOUND_00046,Compound,Chemical_Compound_046,CID573567,CHEMBL431891,CCOC(=O)Oc1ccccc1,ZIUTCMQIJYSMJY-BFMWXAJUTA-K,SMALL_MOLECULE,C13H33N7S0,593.5249,0.15,4,14,18,130.93,0.35,PUBCHEM,0.933
COMPOUND_00047,Compound,Chemical_Compound_047,CID271313,CHEMBL154516,CCc1ccccc1c1ccccc1c1ccccc1,AGEEKDMPHYRPBL-DHRRCQWSFK-G,ALKALOID,C14H26Cl2,126.4332,-1.58,8,11,7,20.45,0.55,PUBCHEM,0.952
COMPOUND_00048,Compound,Chemical_Compound_048,CID391818,CHEMBL671895,CCCCN,SHESXOUSNFDEAB-PHBAETPJHB-M,ALKALOID,C12H60N2O3,287.6557,3.02,6,3,11,27.56,0.86,PUBCHEM,0.802
COMPOUND_00049,Compound,Chemical_Compound_049,CID999819,CHEMBL527878,CCOCCCc1ccccc1CC,IKQBYYMHZSUIHF-FTYCIROBXP-F,CARBOHYDRATE,C21H36N0O0,911.9296,-0.11,10,0,0,161.06,0.27,PUBCHEM,0.913
COMPOUND_00050,Compound,Chemical_Compound_050,CID535607,CHEMBL541304,c1ccccc1CC,QTWGPHOZNOOWSV-VVKIMKEQPO-K,NUCLEOTIDE,C18H15O1Cl2,284.7746,6.56,4,11,4,157.61,0.89,PUBCHEM,0.844
COMPOUND_00051,Compound,Chemical_Compound_051,CID306104,CHEMBL445731,C(=O)OCCC(=O)OC(=O)OCCO,LZPPDQTFVQACVU-PLBSDUSSPY-A,SMALL_MOLECULE,C8H57N2O0S2,109.8939,3.25,7,4,16,117.5,0.88,PUBCHEM,0.976
COMPOUND_00052,Compound,Chemical_Compound_052,CID457051,CHEMBL843238,c1ccccc1C(=O)OCCOc1ccccc1,CAYTETZNMPTWXN-MUFQNGAYFH-J,FLAVONOID,C14H12N8O4Cl0,967.7163,-1.15,9,11,6,51.16,0.2,PUBCHEM,0.909
COMPOUND_00053,Compound,Chemical_Compound_053,CID954905,CHEMBL720836,CCOCCCCN,NQEZRLGQULQNMG-ANQLBCEJLK-C,ALKALOID,C25H15O2,122.8635,4.12,3,12,9,56.94,0.42,PUBCHEM,0.943
COMPOUND_00054,Compound,Chemical_Compound_054,CID346761,CHEMBL735153,CCNc1ccccc1C=OCCN,RSLTMXRWAWNSFL-WVQTJXMVXK-G,CARBOHYDRATE,C24H39N2O2Cl0,638.4556,0.73,4,1,10,37.59,0.98,PUBCHEM,0.968
COMPOUND_00055,Compound,Chemical_Compound_055,CID547582,CHEMBL159546,CCCc1ccccc1,CWNJEVJVGOEDZH-DFRYAJYNUV-Z,PEPTIDE,C25H51O4,419.7379,-0.24,1,2,5,88.49,0.77,PUBCHEM,0.879
COMPOUND_00056,Compound,Chemical_Compound_056,CID397621,CHEMBL517289,c1ccccc1CCC,ANQYMXVUEWHKZQ-IKYYZZTGPB-G,CARBOHYDRATE,C24H32O2,584.4283,3.36,0,0,5,172.07,0.66,PUBCHEM,0.967
COMPOUND_00057,Compound,Chemical_Compound_057,CID909336,CHEMBL739382,C(=O)Oc1ccccc1CCCCCOC(=O)O,YKWJUVRLZNUTZO-DZBUIGERNV-U,SMALL_MOLECULE,C6H21N2O4,314.4129,1.53,4,4,9,131.19,0.23,PUBCHEM,0.887
COMPOUND_00058,Compound,Chemical_Compound_058,CID841063,CHEMBL429607,CCNCC(=O)OC(=O)Oc1ccccc1,ELLJOFOLRCPSSJ-TCCORIFLDH-M,FLAVONOID,C14H57N7O2,323.0596,4.4,0,6,9,176.46,0.62,PUBCHEM,0.958
COMPOUND_00059,Compound,Chemical_Compound_059,CID470199,CHEMBL544358,CCCCCc1ccccc1C,ZEDHRRWJLCAUBR-EGTOCPRUDX-X,ALKALOID,C19H21N8,396.5268,4.71,4,4,19,155.79,0.14,PUBCHEM,0.872
COMPOUND_00060,Compound,Chemical_Compound_060,CID365279,CHEMBL469611,c1ccccc1CCOC(=O)O,TQEFRNUHABJYEI-RQHRMQQCXH-P,NUCLEOTIDE,C28H21N8O10Cl0,886.4635,0.33,9,10,15,189.25,0.55,PUBCHEM,0.899
COMPOUND_00061,Compound,Chemical_Compound_061,CID366954,CHEMBL414901,C=OCCNC(=O)OCCCc1ccccc1,OAOFMNCDPPYPKM-YZWEVPCTNX-B,CARBOHYDRATE,C25H15,577.2938,1.7,4,2,3,94.13,0.37,PUBCHEM,0.961
COMPOUND_00062,Compound,Chemical_Compound_062,CID509596,CHEMBL291591,CCOCCOCCO,LFLCEHFSFLUUII-KADJOUZAJD-X,CARBOHYDRATE,C19H59N3O5Cl0,581.4917,0.17,3,9,19,79.19,0.77,PUBCHEM,0.823
COMPOUND_00063,Compound,Chemical_Compound_063,CID308911,CHEMBL151807,CCOCCNCCOC(=O)Oc1ccccc1,HKKOOQCAZWVIUM-OBKCDTQWRP-O,SMALL_MOLECULE,C20H14N6O8S0,426.3041,2.75,0,2,5,32.84,0.83,PUBCHEM,0.845
COMPOUND_00064,Compound,Chemical_Compound_064,CID644990,CHEMBL920344,CCCCCCCCN,LFMHYFDLNJIJYD-BWPAXZXLCH-G,SMALL_MOLECULE,C22H36N2O9,189.7053,2.01,5,15,5,152.36,0.7,PUBCHEM,0.962
COMPOUND_00065,Compound,Chemical_Compound_065,CID609486,CHEMBL999094,CCCCCCCCCCO,RKLJUYGDOXZNUZ-YCXQALAFQE-I,LIPID,C21H49N8O3,530.4488,-1.2,3,1,16,35.71,0.52,PUBCHEM,0.841
COMPOUND_00066,Compound,Chemical_Compound_066,CID906557,CHEMBL782509,C(=O)OC=O,LNJYLTATTGZKHO-GXARJYUPFG-M,NUCLEOTIDE,C15H42N8O4,885.252,-0.12,1,10,20,103.58,0.64,PUBCHEM,0.976
COMPOUND_00067,Compound,Chemical_Compound_067,CID941524,CHEMBL211688,CC(=O)OCCC,VPWUJSANIFZYXE-BCCJWNLVXA-D,LIPID,C10H13N6O3,329.4536,0.41,9,13,3,101.86,0.53,PUBCHEM,0.859
COMPOUND_00068,Compound,Chemical_Compound_068,CID663974,CHEMBL120215,c1ccccc1c1ccccc1C=OCCCCC,JXMFZYFHPMFHLY-MZUQDIKMAU-W,PEPTIDE,C17H9O7Cl3,109.6213,-1.02,4,8,8,54.04,0.18,PUBCHEM,0.979
COMPOUND_00069,Compound,Chemical_Compound_069,CID597950,CHEMBL360614,CCCCNCCC,AKRHRITVGYMSLC-UEFILAOWGZ-O,CARBOHYDRATE,C21H35N5O7,597.5874,2.97,1,3,5,176.19,0.64,PUBCHEM,0.925
COMPOUND_00070,Compound,Chemical_Compound_070,CID121072,CHEMBL330904,C=OC(=O)OCc1ccccc1,BFNNECAZXVUALT-TYLYREWSGC-K,STEROID,C26H50O8S0,807.7149,3.26,7,12,18,72.42,0.43,PUBCHEM,0.903
COMPOUND_00071,Compound,Chemical_Compound_071,CID617992,CHEMBL868728,C=OC(=O)OC(=O)O,ADTOPZFFJMLVHP-BQCPKYRWWP-T,CARBOHYDRATE,C5H21N8O2S0Cl2,605.6678,2.13,0,7,10,165.86,0.88,PUBCHEM,0.972
COMPOUND_00072,Compound,Chemical_Compound_072,CID928154,CHEMBL657080,CCNc1ccccc1C=O,NIURCBJQXFVIXM-UTNQRRXYGQ-Y,STEROID,C20H60N8O9,492.1111,1.99,6,13,2,44.71,0.98,PUBCHEM,0.849
COMPOUND_00073,Compound,Chemical_Compound_073,CID661630,CHEMBL724591,CCOCCO,FGNCBGWKBOQFKO-DUBXYHRNTM-Y,FLAVONOID,C22H23N5O6,170.5462,7.01,10,14,17,38.93,0.35,PUBCHEM,0.977
COMPOUND_00074,Compound,Chemical_Compound_074,CID315117,CHEMBL755175,CCNCCCC,OEQQWQBIQBBIAU-KWKGMUTIJA-E,PEPTIDE,C28H29N3O8,275.184,1.63,5,6,15,135.35,0.88,PUBCHEM,0.971
COMPOUND_00075,Compound,Chemical_Compound_075,CID303222,CHEMBL708060,C=OCCCc1ccccc1,HCZDDLQLWWEUPF-DGITIOXLEN-J,CARBOHYDRATE,C10H47N4O5Cl0,927.6783,3.01,4,3,0,165.23,0.59,PUBCHEM,0.933
COMPOUND_00076,Compound,Chemical_Compound_076,CID313021,CHEMBL975017,CCCCOC=OCC,HIDJMFRRFWWYGP-ERAYRNKICY-G,CARBOHYDRATE,C26H15O9S2Cl2,362.3687,-0.44,5,4,4,39.13,0.67,PUBCHEM,0.867
COMPOUND_00077,Compound,Chemical_Compound_077,CID459412,CHEMBL591566,CCCC(=O)Oc1ccccc1C=OC(=O)O,NZBVYREJLXRILD-TGCVEYCSVQ-C,PEPTIDE,C5H27N5O6,226.3042,1.84,3,7,10,144.08,0.55,PUBCHEM,0.922
COMPOUND_00078,Compound,Chemical_Compound_078,CID825515,CHEMBL909843,c1ccccc1CCC(=O)OCCC,SLHEKTZQRWPCWL-HROQAEZTSV-C,SMALL_MOLECULE,C26H57N6O7,747.5627,-0.5,8,11,17,20.04,0.2,PUBCHEM,0.914
COMPOUND_00079,Compound,Chemical_Compound_079,CID801846,CHEMBL430877,C=OC=OC=O,CRPJEEDTGRLVUI-MRQWIUDQDQ-P,FLAVONOID,C20H51O7Cl2,904.6627,0.51,6,2,16,102.06,0.88,PUBCHEM,0.822
COMPOUND_00080,Compound,Chemical_Compound_080,CID955186,CHEMBL440148,C(=O)OCC,NJARADLDKBXIIF-FMQZBRJRCQ-D,PEPTIDE,C15H19,153.7608,-0.4,6,8,14,35.56,0.37,PUBCHEM,0.935
COMPOUND_00081,Compound,Chemical_Compound_081,CID458303,CHEMBL339633,C(=O)OCCCc1ccccc1,KDSYEQFDDINYJI-CXESLRWOCZ-X,FLAVONOID,C16H24N0S0,829.9536,1.99,10,13,17,113.51,0.27,PUBCHEM,0.92
COMPOUND_00082,Compound,Chemical_Compound_082,CID952652,CHEMBL498148,CCOCCCc1ccccc1CCN,QOICBAOTPXBMCB-VKTMFZXGUI-S,CARBOHYDRATE,C5H29N5,316.4357,7.13,5,0,5,54.49,0.46,PUBCHEM,0.959
COMPOUND_00083,Compound,Chemical_Compound_083,CID216510,CHEMBL857811,CCOCCCCCN,CJMJYNRCXOQKYL-OPLWOKHGKP-H,FLAVONOID,C30H41N8O1,101.5813,7.96,4,13,11,75.94,0.84,PUBCHEM,0.903
COMPOUND_00084,Compound,Chemical_Compound_084,CID975088,CHEMBL811219,CCNC(=O)OCC,QOLOEPBGEXMASE-EXGWWCOYRP-R,ALKALOID,C27H30N2O10,103.7546,-0.18,4,9,17,30.65,0.18,PUBCHEM,0.862
COMPOUND_00085,Compound,Chemical_Compound_085,CID673193,CHEMBL892423,C=OCCNC=OCCN,FCEYRUWCEEXMUC-OVZNNVOJJZ-E,CARBOHYDRATE,C23H16N2O7Cl3,937.4069,2.4,1,1,2,105.91,0.87,PUBCHEM,0.941
COMPOUND_00086,Compound,Chemical_Compound_086,CID975986,CHEMBL240100,C(=O)Oc1ccccc1CCCCCO,PWLMBJFJETIYNT-VOROGUTAIO-N,ALKALOID,C30H55N7,250.6115,0.03,7,10,1,84.3,0.16,PUBCHEM,0.894
COMPOUND_00087,Compound,Chemical_Compound_087,CID734187,CHEMBL875269,C=OCCOCCOc1ccccc1,AWWINRUNRZDIJE-HTXQSPXROX-K,NUCLEOTIDE,C22H43N4O9Cl0,909.7282,-0.29,8,15,18,109.81,0.49,PUBCHEM,0.977
COMPOUND_00088,Compound,Chemical_Compound_088,CID820879,CHEMBL382278,CCOc1ccccc1CCN,XHTDEOGIHYFVXP-ZJEPYZVGSH-O,LIPID,C13H39O3,928.9969,-0.11,8,4,12,42.65,0.33,PUBCHEM,0.814
COMPOUND_00089,Compound,Chemical_Compound_089,CID481456,CHEMBL236211,CCCC=O,RBEVIRLXIEOMXP-IZFHUNIVIA-Z,CARBOHYDRATE,C21H25O8S0,161.882,0.31,3,15,8,143.36,0.44,PUBCHEM,0.825
COMPOUND_00090,Compound,Chemical_Compound_090,CID742451,CHEMBL180783,CCCC,YSMRSNLWBINUQN-UJZQDTJRWC-U,NUCLEOTIDE,C15H14N5,981.2399,4.23,4,14,3,105.93,0.64,PUBCHEM,0.873
COMPOUND_00091,Compound,Chemical_Compound_091,CID962541,CHEMBL891590,CCCCCC,RNVGPCPKAQLKTZ-DSCWQNLZND-W,ALKALOID,C29H12N1O3,572.689,7.98,3,2,14,55.14,0.11,PUBCHEM,0.825
COMPOUND_00092,Compound,Chemical_Compound_092,CID378809,CHEMBL287488,C(=O)OCCN,WVWXLSTMAAURBX-QCFKDOFVYU-G,LIPID,C7H30N5Cl3,707.2878,-1.8,7,8,17,175.15,0.51,PUBCHEM,0.876
COMPOUND_00093,Compound,Chemical_Compound_093,CID757846,CHEMBL883696,CCCC(=O)OCCCCCOC=O,DHKCPKEIOMEDYW-FYYSYFPQHO-N,SMALL_MOLECULE,C20H30N5O6,418.4555,6.47,9,12,13,58.49,0.86,PUBCHEM,0.834
COMPOUND_00094,Compound,Chemical_Compound_094,CID555286,CHEMBL718561,C(=O)OCCCC,CLSHZQSUESTAKW-NMAXWCKWDP-D,LIPID,C7H38O1,901.5219,-1.27,2,15,8,183.77,0.32,PUBCHEM,0.922
COMPOUND_00095,Compound,Chemical_Compound_095,CID392360,CHEMBL702866,CCOc1ccccc1C,IVVHDTLXRDRXYX-ZEKCZYXZVI-J,LIPID,C28H34N0O2S2,811.8739,2.79,3,6,14,58.22,0.99,PUBCHEM,0.951
COMPOUND_00096,Compound,Chemical_Compound_096,CID291312,CHEMBL355290,Cc1ccccc1CCNC=OCCC,YGIPHWWLKVBBOG-WZWRCFJNLZ-T,NUCLEOTIDE,C7H18N2O9,658.5386,3.36,4,1,14,179.1,0.23,PUBCHEM,0.92
COMPOUND_00097,Compound,Chemical_Compound_097,CID949705,CHEMBL836396,CCOCCNCc1ccccc1C(=O)O,PWCITBVYTHZSWR-XEUYXRWTAS-E,ALKALOID,C21H31N0O1,813.3873,6.52,4,15,12,42.76,0.9,PUBCHEM,0.969
COMPOUND_00098,Compound,Chemical_Compound_098,CID259759,CHEMBL943882,C=OCCNCCC,LNEZAQOLZVFYBV-QPRJYMWNET-J,ALKALOID,C15H25N4O4,486.2056,1.46,3,1,17,88.92,0.73,PUBCHEM,0.927
COMPOUND_00099,Compound,Chemical_Compound_099,CID522654,CHEMBL967631,CCCCCN,LERUUHSJFJBAPS-PXXVDSYWES-U,STEROID,C16H32N6O6,742.5401,-0.77,6,11,8,119.73,0.13,PUBCHEM,0.918
COMPOUND_00100,Compound,Chemical_Compound_100,CID740407,CHEMBL988872,CCOCCCN,IPYDVAEUERBZRC-WUPZUBZWIE-B,ALKALOID,C18H22N3S0,897.5481,2.07,8,2,2,103.79,0.64,PUBCHEM,0.896
COMPOUND_00101,Compound,Chemical_Compound_101,CID893230,CHEMBL738478,CCNCCOC(=O)O,RAGWFBAIFMOQFD-EQVSGONERE-E,ALKALOID,C13H42O10,730.9385,1.43,5,5,6,38.21,0.35,PUBCHEM,0.868
COMPOUND_00102,Compound,Chemical_Compound_102,CID209648,CHEMBL419723,c1ccccc1CCCCCCC,NJQQWEHVUKWABY-IMMWCKQVMZ-X,CARBOHYDRATE,C26H49N3O6,727.3061,7.65,4,6,7,91.09,0.46,PUBCHEM,0.886
COMPOUND_00103,Compound,Chemical_Compound_103,CID982078,CHEMBL324552,CCOC(=O)O,VYRASFBSKWMWIO-GXWEXFYXGQ-F,FLAVONOID,C23H23,936.657,3.78,0,13,9,184.64,0.29,PUBCHEM,0.864
COMPOUND_00104,Compound,Chemical_Compound_104,CID854842,CHEMBL589765,CCCCCCCC(=O)Oc1ccccc1,BPLQVHNSREHQOL-FHXKJVFOLB-Y,CARBOHYDRATE,C12H19N1O8Cl1,898.1588,6.3,6,5,7,175.74,0.53,PUBCHEM,0.899
COMPOUND_00105,Compound,Chemical_Compound_105,CID624166,CHEMBL417398,CCOCCOCCNC=Oc1ccccc1,ZCKTLTIAOJJCAI-ZYNOFXMFDV-X,ALKALOID,C8H41,374.4151,0.82,8,5,4,66.81,0.5,PUBCHEM,0.817
COMPOUND_00106,Compound,Chemical_Compound_106,CID762128,CHEMBL269817,CCNC=OCCCCO,RJHIAEBMARZHCL-GKGWQUBXMR-Q,PEPTIDE,C10H59N7S1,568.2389,2.49,2,2,15,86.67,0.24,PUBCHEM,0.865
COMPOUND_00107,Compound,Chemical_Compound_107,CID534071,CHEMBL962684,CCOc1ccccc1CCC(=O)Oc1ccccc1,AJPJXOUJBTJSKV-QXOXQMUFTU-S,PEPTIDE,C12H48O9Cl1,586.3327,5.72,1,10,7,192.92,0.32,PUBCHEM,0.827
COMPOUND_00108,Compound,Chemical_Compound_108,CID965950,CHEMBL459237,C=OCCNCCC,UUXAQWWOSNFWNC-PYJOIAKZLW-E,SMALL_MOLECULE,C27H22O4Cl2,830.0787,3.44,10,9,9,120.58,0.55,PUBCHEM,0.902
COMPOUND_00109,Compound,Chemical_Compound_109,CID404627,CHEMBL741211,CCCCCCNCCc1ccccc1,CGGSHFNZBAZNOA-ZXKRPQVUQK-P,NUCLEOTIDE,C7H35N1,340.5882,-0.45,9,12,14,109.12,0.98,PUBCHEM,0.873
COMPOUND_00110,Compound,Chemical_Compound_110,CID172688,CHEMBL907809,C=OCCCNCCCCCN,WAVLBTGOYFYJZD-TQJVLIPTEX-B,PEPTIDE,C19H52N8O10,366.3232,4.33,5,12,8,87.1,0.93,PUBCHEM,0.951
COMPOUND_00111,Compound,Chemical_Compound_111,CID403125,CHEMBL572693,CCOC(=O)O,UJRFOOCPZVGCNO-RBUMDZLOGM-U,PEPTIDE,C30H13O8,105.5754,2.28,1,14,19,173.22,0.97,PUBCHEM,0.884
COMPOUND_00112,Compound,Chemical_Compound_112,CID150679,CHEMBL147384,CCc1ccccc1CC(=O)O,TVEGMHQAIDSQQP-DRYLXWANRN-C,STEROID,C29H54N8O6,876.8518,-1.48,9,11,10,105.93,0.26,PUBCHEM,0.92
COMPOUND_00113,Compound,Chemical_Compound_113,CID234715,CHEMBL686767,CCCC,WUWMHTHJEPDBSS-HOVHPMPGYI-Q,FLAVONOID,C12H47N0,126.9511,7.31,0,13,20,155.87,0.53,PUBCHEM,0.81
COMPOUND_00114,Compound,Chemical_Compound_114,CID637810,CHEMBL703113,C(=O)OC,KDJSOKKAYEOBUF-PJTBYKJAKH-M,CARBOHYDRATE,C14H38N0O9,406.2229,2.03,5,6,11,183.28,0.85,PUBCHEM,0.908
COMPOUND_00115,Compound,Chemical_Compound_115,CID921048,CHEMBL558866,C(=O)OC(=O)OC=O,XMVNRAESOUQQPS-IHYQFGZBJB-R,LIPID,C25H16O3,166.6343,4.97,4,12,18,180.7,0.28,PUBCHEM,0.881
COMPOUND_00116,Compound,Chemical_Compound_116,CID646226,CHEMBL633436,CCNC=Oc1ccccc1c1ccccc1CCO,BRZJUVGBWAVBWD-MLNWCFZZKH-E,SMALL_MOLECULE,C17H48N1Cl3,596.7421,0.81,4,11,19,39.12,0.11,PUBCHEM,0.883
COMPOUND_00117,Compound,Chemical_Compound_117,CID370283,CHEMBL478103,CCc1ccccc1C(=O)OCCNc1ccccc1,GXEYBSNPHGASDL-SDVZIPJLVX-A,SMALL_MOLECULE,C27H12N1,674.9522,-0.26,5,12,14,76.97,0.26,PUBCHEM,0.885
COMPOUND_00118,Compound,Chemical_Compound_118,CID986485,CHEMBL224384,CCOC=OCCC,XVJRPBJFOBUSLH-NQMEJMLOEY-G,ALKALOID,C25H58S2,595.8952,2.14,7,11,8,34.86,0.81,PUBCHEM,0.864
COMPOUND_00119,Compound,Chemical_Compound_119,CID190185,CHEMBL839614,C=OCCNCC=O,LNWLIAWWGVZFBR-YUAIGARTSD-U,PEPTIDE,C7H16N5,873.6969,7.76,0,9,7,161.68,0.91,PUBCHEM,0.813
COMPOUND_00120,Compound,Chemical_Compound_120,CID145401,CHEMBL867072,c1ccccc1C,AGNNJJSQIJGCVY-ISGLJUTAVL-A,STEROID,C11H13N1,798.0505,5.69,4,7,19,60.26,0.32,PUBCHEM,0.89
COMPOUND_00121,Compound,Chemical_Compound_121,CID152660,CHEMBL319644,C=OCCOCCOC=Oc1ccccc1,HKXIRRBMSIEIUU-QTPJBRYRST-P,STEROID,C12H39N8O0,769.2947,5.45,6,1,3,120.98,0.13,PUBCHEM,0.969
COMPOUND_00122,Compound,Chemical_Compound_122,CID148971,CHEMBL189359,c1ccccc1c1ccccc1Cc1ccccc1,UPKPVPZPIQLIRF-IMDWYOEUPM-O,FLAVONOID,C21H47N7O0S2,356.2988,2.12,5,2,7,148.84,0.75,PUBCHEM,0.875
COMPOUND_00123,Compound,Chemical_Compound_123,CID757558,CHEMBL296530,c1ccccc1CCCO,UWGVIPBLTGLRBH-VQZZGMHPOX-T,CARBOHYDRATE,C29H26O4,501.7752,3.82,8,9,4,126.73,0.98,PUBCHEM,0.935
COMPOUND_00124,Compound,Chemical_Compound_124,CID619136,CHEMBL999295,CC=OCCC,FXJDZWOHBDLBLH-HZENUVILZG-P,PEPTIDE,C23H10N6O9S2,501.3536,1.44,1,12,17,157.65,0.47,PUBCHEM,0.928
COMPOUND_00125,Compound,Chemical_Compound_125,CID729056,CHEMBL104823,CCOCCCc1ccccc1CCO,TEWMHJJIFCHYHV-JXTCAQJIOU-C,FLAVONOID,C24H24N5Cl1,225.0895,-0.36,2,3,13,123.34,0.52,PUBCHEM,0.87
COMPOUND_00126,Compound,Chemical_Compound_126,CID481077,CHEMBL780065,CCCNC=OCCO,BTHFOOOLOUAJGG-ZJOSKWEGJH-D,ALKALOID,C23H20N0O3,177.1915,-1.56,1,9,13,145.97,0.47,PUBCHEM,0.825
COMPOUND_00127,Compound,Chemical_Compound_127,CID379083,CHEMBL529769,CCC=OC(=O)Oc1ccccc1,RLFMVVKAWQQCLF-BSBUKVKWVD-W,LIPID,C12H34O9,283.888,4.47,1,4,7,115.12,0.86,PUBCHEM,0.918
COMPOUND_00128,Compound,Chemical_Compound_128,CID341914,CHEMBL735614,CCNCCCCO,XPTWYKSDWVYISL-SACBQBIXXY-Z,CARBOHYDRATE,C25H59N7O3Cl1,526.438,3.01,4,9,8,156.71,0.16,PUBCHEM,0.889
COMPOUND_00129,Compound,Chemical_Compound_129,CID274603,CHEMBL238561,c1ccccc1C,JXXJLAWOSEHAVY-HRYYYBWZTG-V,SMALL_MOLECULE,C30H55N4O6,332.2121,2.78,10,5,14,30.95,0.35,PUBCHEM,0.848
COMPOUND_00130,Compound,Chemical_Compound_130,CID421894,CHEMBL383717,C(=O)Oc1ccccc1CCC,YVGTBTTVJLIBRD-VVWYYLTICD-Z,ALKALOID,C22H10N6O1,252.6983,-0.96,5,14,10,26.07,0.38,PUBCHEM,0.827
COMPOUND_00131,Compound,Chemical_Compound_131,CID589847,CHEMBL647945,c1ccccc1CCCCCCOC(=O)O,VTIJBOYXOLFJVN-VTUUWUHFDG-K,PEPTIDE,C25H12O2S1,398.6375,5.9,0,2,1,102.77,0.34,PUBCHEM,0.898
COMPOUND_00132,Compound,Chemical_Compound_132,CID456637,CHEMBL165079,C=Oc1ccccc1CCOCCN,UZFDPIOUCFGGLX-QIMYCSCFRY-Q,CARBOHYDRATE,C18H56N7O3,180.8798,-1.09,1,13,10,38.23,0.12,PUBCHEM,0.951
COMPOUND_00133,Compound,Chemical_Compound_133,CID539543,CHEMBL675812,CCCC,PUIVGXKQOYSJQX-DUMSXPHCNB-N,CARBOHYDRATE,C13H49N3O3,899.5565,1.5,7,5,14,91.92,0.35,PUBCHEM,0.809
COMPOUND_00134,Compound,Chemical_Compound_134,CID920175,CHEMBL586242,CCC,LRZMHCHYERWQBO-MWMJFUJFXQ-F,STEROID,C16H34N4O8,976.0275,6.19,10,13,7,142.35,0.35,PUBCHEM,0.806
COMPOUND_00135,Compound,Chemical_Compound_135,CID417208,CHEMBL772550,CCNCCCCNCCC,LWTMRJBHZPUNOS-BGLSDFIVMG-J,CARBOHYDRATE,C28H50O1,988.9766,3.87,4,11,0,191.64,0.4,PUBCHEM,0.87
COMPOUND_00136,Compound,Chemical_Compound_136,CID119869,CHEMBL310791,CCCCCCCN,IXBUBNFQRGBPRX-RMUTVEIGZV-W,LIPID,C21H38O6Cl2,937.9741,4.91,1,8,10,141.95,0.64,PUBCHEM,0.964
COMPOUND_00137,Compound,Chemical_Compound_137,CID237188,CHEMBL613746,CCCCCOCc1ccccc1c1ccccc1,VTZXEQXENJPZVW-UQCTVOWLGR-D,ALKALOID,C23H13O9S1,399.2669,6.8,0,11,9,72.42,0.68,PUBCHEM,0.893
COMPOUND_00138,Compound,Chemical_Compound_138,CID402883,CHEMBL920501,CCCCC(=O)O,OYBPITNTTSTVFW-FCMPQSGWLO-H,FLAVONOID,C22H8N0O5S1,215.2416,2.1,5,3,7,38.38,0.68,PUBCHEM,0.858
COMPOUND_00139,Compound,Chemical_Compound_139,CID463103,CHEMBL136355,CCCCCc1ccccc1,QPRDIXFNGVWINK-SBAWJRSWKX-B,CARBOHYDRATE,C27H21Cl1,909.0023,2.6,1,14,2,174.23,0.3,PUBCHEM,0.89
COMPOUND_00140,Compound,Chemical_Compound_140,CID547821,CHEMBL679668,CCCCCCCCCN,JVCNDRQDPMRWPS-YVMMDIDOBS-G,CARBOHYDRATE,C30H35N6O10Cl1,573.0836,6.18,2,14,3,94.91,0.1,PUBCHEM,0.838
COMPOUND_00141,Compound,Chemical_Compound_141,CID101758,CHEMBL865726,CCOCCOCCC,BHKIRPTDGTKMSD-AOTMBARAFN-O,STEROID,C13H43N0O6,479.5788,7.3,7,0,12,144.76,0.12,PUBCHEM,0.918
COMPOUND_00142,Compound,Chemical_Compound_142,CID267165,CHEMBL714481,C(=O)OCCCCCC,JMXNJDRFCFXUYV-VOZAYBFHYE-D,CARBOHYDRATE,C17H24Cl1,252.0043,7.67,0,12,5,190.87,0.7,PUBCHEM,0.878
COMPOUND_00143,Compound,Chemical_Compound_143,CID633051,CHEMBL574286,C=OC=O,LGHBMQPIIOWYDA-EAFXTJSBOT-R,ALKALOID,C21H25O7Cl3,665.3962,0.82,10,3,8,174.74,0.5,PUBCHEM,0.848
COMPOUND_00144,Compound,Chemical_Compound_144,CID609955,CHEMBL694482,c1ccccc1CCCC(=O)O,GFGVQUHRCXCIVA-TUUZHPSUFK-T,STEROID,C21H43N7O4,461.485,2.57,2,15,5,109.29,0.63,PUBCHEM,0.978
COMPOUND_00145,Compound,Chemical_Compound_145,CID624962,CHEMBL838430,CCCC(=O)OCCCC(=O)OC,HZXECJGMPIMUEO-CMCUSWNKHC-T,FLAVONOID,C24H14N4Cl2,277.6503,5.05,7,13,4,29.04,0.85,PUBCHEM,0.836
COMPOUND_00146,Compound,Chemical_Compound_146,CID377150,CHEMBL918807,CCCCCc1ccccc1C,LPZAORTQPDCDDZ-SAKRMZRXZS-I,CARBOHYDRATE,C11H16O10Cl0,440.0445,-1.87,1,4,20,157.15,0.74,PUBCHEM,0.805
COMPOUND_00147,Compound,Chemical_Compound_147,CID671587,CHEMBL644281,CCC=OCCN,PQRSRLJHJAMSXU-NIRYDTHCZT-D,LIPID,C15H56N5,542.2076,5.26,7,3,16,41.29,0.42,PUBCHEM,0.883
COMPOUND_00148,Compound,Chemical_Compound_148,CID183924,CHEMBL352472,CC=OCCC,NKUSDSSGQNOUBK-FECQZVZKWX-J,CARBOHYDRATE,C30H24O10S0,172.3728,-0.87,2,3,15,186.21,0.27,PUBCHEM,0.827
COMPOUND_00149,Compound,Chemical_Compound_149,CID760049,CHEMBL469990,CCNCc1ccccc1,DSOMWDZYKQBYQG-ASPGDJMHVS-S,NUCLEOTIDE,C28H14N5O7,230.2591,6.94,6,15,14,172.74,0.47,PUBCHEM,0.835
COMPOUND_00150,Compound,Chemical_Compound_150,CID157450,CHEMBL284995,CCCCCCCCCCCO,XMXDYSRRFETBIW-RXDOGHMVTX-N,NUCLEOTIDE,C11H27N6O9,742.8554,4.84,0,13,0,122.56,0.11,PUBCHEM,0.806
COMPOUND_00151,Compound,Chemical_Compound_151,CID728242,CHEMBL808462,C=OCCNCC(=O)OC(=O)O,LCCTPFFJOCFJDC-IIECWITHCJ-V,PEPTIDE,C8H57O0S0,186.3771,5.78,1,13,15,144.88,0.61,PUBCHEM,0.884
COMPOUND_00152,Compound,Chemical_Compound_152,CID484724,CHEMBL899618,C=Oc1ccccc1CCO,VQNPKROBQDIYQG-NUHRKLOJVW-T,STEROID,C27H45N6O3S2,842.3412,0.98,2,4,18,170.23,0.17,PUBCHEM,0.813
COMPOUND_00153,Compound,Chemical_Compound_153,CID937022,CHEMBL351591,C=OCCOCCNCCC,LNOFPYOAMDHVZN-NIWSKWJIAD-W,NUCLEOTIDE,C7H36N2O9,253.8465,1.3,4,1,7,27.5,0.51,PUBCHEM,0.961
COMPOUND_00154,Compound,Chemical_Compound_154,CID749284,CHEMBL248679,CCCCCC(=O)O,PCPVVVLLHFLWWP-MXDQDPMDCR-W,FLAVONOID,C5H47N8,754.1127,7.46,7,9,8,28.58,0.76,PUBCHEM,0.858
COMPOUND_00155,Compound,Chemical_Compound_155,CID544574,CHEMBL416543,Cc1ccccc1CCCCOC,HNYFOECQSWTERQ-ZYAWFQVNNI-E,SMALL_MOLECULE,C15H58N6O10,586.087,-1.39,2,8,12,117.45,0.17,PUBCHEM,0.965
COMPOUND_00156,Compound,Chemical_Compound_156,CID287230,CHEMBL773057,CCOC(=O)OCCN,PVKMXRIUNOYALJ-NNVLUTZMMP-R,ALKALOID,C11H11N6O9,138.7358,0.81,7,15,2,96.55,0.42,PUBCHEM,0.886
COMPOUND_00157,Compound,Chemical_Compound_157,CID101305,CHEMBL448071,CCCCCCO,VWJCIXHKPOWCVS-LEGRYKRRTJ-Z,STEROID,C12H37N0O2,588.3581,7.6,5,4,15,77.62,0.56,PUBCHEM,0.912
COMPOUND_00158,Compound,Chemical_Compound_158,CID878141,CHEMBL188999,CCC,IFYCBDYIQDPDGK-IEFHZKJRPZ-H,SMALL_MOLECULE,C23H54N0Cl0,992.6371,0.67,2,10,4,44.15,0.85,PUBCHEM,0.871
COMPOUND_00159,Compound,Chemical_Compound_159,CID268179,CHEMBL752113,C=OCCNCCOCCCC=O,CXGFZNTQYWROQI-OTNNCRXKHX-U,PEPTIDE,C23H47N2O9Cl1,143.0669,1.18,3,6,7,91.96,0.93,PUBCHEM,0.836
COMPOUND_00160,Compound,Chemical_Compound_160,CID399904,CHEMBL934711,c1ccccc1CCNc1ccccc1,YNGRFCIKPDQVBO-IVNNROUVBM-Y,PEPTIDE,C23H59N7O10S2,310.6441,7.99,4,4,7,176.85,0.57,PUBCHEM,0.867
COMPOUND_00161,Compound,Chemical_Compound_161,CID956181,CHEMBL358114,CCCCOCC(=O)O,TFNHNRADUAOMFB-RYPGXXRNIK-D,STEROID,C24H47N4O8Cl3,764.097,-1.94,10,8,14,174.42,0.5,PUBCHEM,0.936
COMPOUND_00162,Compound,Chemical_Compound_162,CID678372,CHEMBL169804,CCOC(=O)OC=O,XQLIOJENHAKIKX-DMUOPXQBNN-E,LIPID,C18H58O3,831.8467,2.56,8,14,19,117.16,0.31,PUBCHEM,0.877
COMPOUND_00163,Compound,Chemical_Compound_163,CID270882,CHEMBL803056,CCNCCc1ccccc1C,GOIUHBCZEFQGPF-QDUOQKNYCT-X,LIPID,C29H29O10,279.3185,-0.1,9,12,7,182.19,0.9,PUBCHEM,0.827
COMPOUND_00164,Compound,Chemical_Compound_164,CID310452,CHEMBL276718,c1ccccc1C=Oc1ccccc1,GRDKVTTPWSAIDR-NUADEJXMCO-P,NUCLEOTIDE,C21H13O4Cl2,610.2671,5.81,10,12,7,126.09,0.15,PUBCHEM,0.805
COMPOUND_00165,Compound,Chemical_Compound_165,CID264078,CHEMBL950627,c1ccccc1CCNCCCCCN,TYABAQGJDZNFAH-EXZOECBICB-T,PEPTIDE,C16H40N1O9,355.7688,1.77,3,7,9,96.82,0.84,PUBCHEM,0.946
COMPOUND_00166,Compound,Chemical_Compound_166,CID887009,CHEMBL127851,c1ccccc1CCCCCOC=OC(=O)O,DATJOCJXJFIKDD-CJRABLQHUV-N,ALKALOID,C15H16O4S2,242.8498,5.25,0,15,0,76.13,0.35,PUBCHEM,0.949
COMPOUND_00167,Compound,Chemical_Compound_167,CID785055,CHEMBL801471,CCOCCNC(=O)OC=OCCO,KTCYMFPBMSZPJC-ELQSILBFEH-N,CARBOHYDRATE,C5H60O2,261.78,7.12,10,9,18,82.97,0.26,PUBCHEM,0.843
COMPOUND_00168,Compound,Chemical_Compound_168,CID902839,CHEMBL261460,CCOCCOCCCN,WGUZRYKOTLSKUP-PICJSJKFVS-V,ALKALOID,C27H58O5Cl0,152.433,2.57,9,14,14,35.83,0.63,PUBCHEM,0.837
COMPOUND_00169,Compound,Chemical_Compound_169,CID281666,CHEMBL793055,C(=O)OC(=O)O,VCJLZKHTNISCGN-ZWOBQYUGPJ-P,FLAVONOID,C6H58,884.6979,7.23,8,10,5,169.18,0.68,PUBCHEM,0.861
COMPOUND_00170,Compound,Chemical_Compound_170,CID139745,CHEMBL150818,CCC=OC,JLAPCYDTXAMUPJ-JMMLOFUPKR-L,LIPID,C15H41N2O9S1,419.1859,5.7,9,7,20,92.9,0.79,PUBCHEM,0.861
COMPOUND_00171,Compound,Chemical_Compound_171,CID565375,CHEMBL634728,CCOc1ccccc1CCOC=Oc1ccccc1,XHEUTYWBIWHTBR-TWTGXIOFMI-F,ALKALOID,C8H24N7O10S2,556.0743,7.02,9,1,0,165.2,0.84,PUBCHEM,0.867
COMPOUND_00172,Compound,Chemical_Compound_172,CID173337,CHEMBL140285,CCCCCNC(=O)OC(=O)O,MTAQKOTLQOTPGQ-MLFKDWEEDI-J,STEROID,C11H59N0O5,851.7461,2.25,2,5,6,108.15,0.59,PUBCHEM,0.914
COMPOUND_00173,Compound,Chemical_Compound_173,CID560488,CHEMBL912614,CCCNC(=O)Oc1ccccc1,YKTOINVFEYECRS-CHSTOIEMGK-W,NUCLEOTIDE,C7H37N1O3,348.0535,1.18,6,9,16,64.88,0.47,PUBCHEM,0.815
COMPOUND_00174,Compound,Chemical_Compound_174,CID581718,CHEMBL950215,CCOCCOCCNCCOc1ccccc1,UIULOAIULVDGBU-AWABKBWSTE-W,PEPTIDE,C24H53N7O9Cl1,851.7599,3.78,6,5,19,151.25,0.29,PUBCHEM,0.852
COMPOUND_00175,Compound,Chemical_Compound_175,CID192134,CHEMBL840970,C=OCCNC,VRCWCHSHUZYWYD-UOGXNQXCUM-P,LIPID,C25H48N5O6,873.0591,1.85,10,11,0,93.81,0.78,PUBCHEM,0.84
COMPOUND_00176,Compound,Chemical_Compound_176,CID485013,CHEMBL320457,CCCCOCCOCC,GAIAKZCIBPEVWR-NEBFCLDAXJ-Z,CARBOHYDRATE,C10H43N1O10,527.352,6.25,8,6,8,27.79,0.63,PUBCHEM,0.819
COMPOUND_00177,Compound,Chemical_Compound_177,CID332718,CHEMBL709991,C=OC(=O)OCCCCOCCO,QKSICUUEWDEMYP-CDRJTIYXAU-R,PEPTIDE,C30H60O8,981.4387,0.14,10,15,20,30.61,0.81,PUBCHEM,0.85
COMPOUND_00178,Compound,Chemical_Compound_178,CID460752,CHEMBL213597,CCNCC(=O)OCCCCO,QDCFVMWXBEISPI-MTVMWEAAPD-Y,CARBOHYDRATE,C7H50Cl1,163.1009,2.24,2,10,18,99.0,0.37,PUBCHEM,0.814
COMPOUND_00179,Compound,Chemical_Compound_179,CID862812,CHEMBL626668,C(=O)OCCN,DEBDXXEKVGUAWF-QMWDFUETWK-K,PEPTIDE,C28H45N2O4,839.3412,1.09,0,1,9,165.29,0.6,PUBCHEM,0.915
COMPOUND_00180,Compound,Chemical_Compound_180,CID518692,CHEMBL888213,CCNCCCC=OCCCc1ccccc1,WQDCWIYOSKNFCI-TLOEULOTBO-S,LIPID,C22H33O9,890.9697,1.26,2,4,13,132.75,0.94,PUBCHEM,0.907
COMPOUND_00181,Compound,Chemical_Compound_181,CID741084,CHEMBL735254,c1ccccc1C(=O)OCCCCCCCC,AXCKOSKXLETHYU-DAMPENUVTL-O,ALKALOID,C12H10O10,538.4296,5.62,10,8,16,49.42,0.56,PUBCHEM,0.974
COMPOUND_00182,Compound,Chemical_Compound_182,CID689273,CHEMBL702196,C(=O)OCC,WOVVQHAMHZYTOH-HIDWOAZOHZ-C,CARBOHYDRATE,C7H15N7O5S1,950.4197,-0.3,5,10,12,38.21,0.44,PUBCHEM,0.884
COMPOUND_00183,Compound,Chemical_Compound_183,CID339287,CHEMBL775544,CCOCCNCCNCC,LLAKDEOMJRIARA-AFURPCDULM-Q,LIPID,C12H50O4,271.5107,5.98,5,10,18,182.0,0.6,PUBCHEM,0.945
COMPOUND_00184,Compound,Chemical_Compound_184,CID906650,CHEMBL202263,c1ccccc1c1ccccc1C=O,FZRXASTFDGHATN-JVVCZBIGMQ-O,STEROID,C21H22O6S2,714.2679,-1.13,3,7,16,134.0,0.53,PUBCHEM,0.817
COMPOUND_00185,Compound,Chemical_Compound_185,CID982640,CHEMBL789010,c1ccccc1CCO,TMYPRKJMRPRBWO-GVFCCNRHEM-H,CARBOHYDRATE,C5H58N4O9Cl3,204.3461,7.61,7,10,6,154.41,0.35,PUBCHEM,0.83
COMPOUND_00186,Compound,Chemical_Compound_186,CID836967,CHEMBL539249,C=OC(=O)OCCCCCOC=O,USZMGTCPCELHME-PAYPCDLZNZ-W,LIPID,C5H20O10,595.0248,0.68,6,8,17,169.38,0.68,PUBCHEM,0.964
COMPOUND_00187,Compound,Chemical_Compound_187,CID529363,CHEMBL150539,c1ccccc1C=OC=OC,KASRUFLOQHLXLE-SBRGUAZIHK-F,FLAVONOID,C23H54N8O5,804.4047,0.3,4,8,9,176.17,0.24,PUBCHEM,0.841
COMPOUND_00188,Compound,Chemical_Compound_188,CID871416,CHEMBL816675,CCOCC,GZJDTHLCTJAGVY-EKJIGZOQTN-J,NUCLEOTIDE,C9H15N2O0S1,831.5829,5.78,0,4,20,53.41,0.11,PUBCHEM,0.838
COMPOUND_00189,Compound,Chemical_Compound_189,CID994389,CHEMBL953579,CCNC=OC=OCCCC,DQBOQTRRSOESOK-WXALULGFVR-J,CARBOHYDRATE,C14H47N3O1Cl1,423.4855,2.76,5,5,0,60.58,0.34,PUBCHEM,0.832
COMPOUND_00190,Compound,Chemical_Compound_190,CID477518,CHEMBL483741,CCNC=OCCCCCC,FHDHOUTCOPJXZV-ECDLLFRNCY-I,CARBOHYDRATE,C23H13N6Cl3,392.9043,3.55,4,13,19,91.23,0.22,PUBCHEM,0.925
COMPOUND_00191,Compound,Chemical_Compound_191,CID771317,CHEMBL923782,CCC=O,QQXOEPNDVYODGF-JMYTJMGRET-P,SMALL_MOLECULE,C18H35N0O2,839.0245,5.72,5,1,2,28.31,0.94,PUBCHEM,0.891
COMPOUND_00192,Compound,Chemical_Compound_192,CID861061,CHEMBL228026,C(=O)OCCCCCCCO,EWCMTYWYRWPZRA-QPJYCLWJRT-S,STEROID,C11H29N7O0Cl3,183.3708,2.43,7,5,18,133.36,0.78,PUBCHEM,0.918
COMPOUND_00193,Compound,Chemical_Compound_193,CID481049,CHEMBL106470,c1ccccc1c1ccccc1C(=O)OC,MGFTXEMFTRBGLS-DCECGTZNNT-T,NUCLEOTIDE,C15H32N7O8S0,953.5342,1.07,1,2,0,62.55,0.97,PUBCHEM,0.943
COMPOUND_00194,Compound,Chemical_Compound_194,CID581702,CHEMBL368989,CCCC,GVQFONZGGWZTOQ-LBUIJDCCIG-C,LIPID,C10H46N8O7,966.046,2.82,0,5,13,158.81,0.61,PUBCHEM,0.903
COMPOUND_00195,Compound,Chemical_Compound_195,CID283127,CHEMBL440575,CCCc1ccccc1C=O,NMLAXRKIULRXZZ-RYPFOJQJER-R,NUCLEOTIDE,C18H54N3O1,684.2278,3.96,6,10,13,169.29,0.21,PUBCHEM,0.977
COMPOUND_00196,Compound,Chemical_Compound_196,CID464622,CHEMBL442335,CCNC=OCCNC=O,FVVOTKCPUOMMTD-LVMCWQHTSL-B,FLAVONOID,C26H31N2O0,644.5829,3.41,3,8,6,101.26,0.83,PUBCHEM,0.977
COMPOUND_00197,Compound,Chemical_Compound_197,CID676001,CHEMBL192543,CCCCCO,WRCBAPEPSPZXKJ-LBQNBRFDQP-N,CARBOHYDRATE,C20H48N8O0Cl0,106.7315,-0.54,0,6,20,55.04,0.16,PUBCHEM,0.9
COMPOUND_00198,Compound,Chemical_Compound_198,CID591204,CHEMBL323118,c1ccccc1C=Oc1ccccc1,RHSRDGDDDFJNRD-RYLANVWIAY-L,ALKALOID,C23H59N1O2,389.0795,5.71,10,13,6,100.12,0.41,PUBCHEM,0.902
COMPOUND_00199,Compound,Chemical_Compound_199,CID796186,CHEMBL267630,C=OCCCCCNCCCC=O,WOEKBBZUEDHLBT-HAZXWCNRST-U,PEPTIDE,C15H24N2S2,487.1917,5.28,7,8,2,24.52,0.42,PUBCHEM,0.887
COMPOUND_00200,Compound,Chemical_Compound_200,CID908248,CHEMBL186329,CCc1ccccc1,DAKZIMYSXLYUGX-GXCBGYFUYZ-K,LIPID,C15H60N3O5S2Cl0,722.2509,-1.99,5,8,10,196.52,0.74,PUBCHEM,0.98
COMPOUND_00201,Compound,Chemical_Compound_201,CID315678,CHEMBL835947,CCNc1ccccc1C=OCC(=O)O,YSXJNFABQJCNSC-VMOYJXIUJA-H,FLAVONOID,C30H47N7S1,423.861,-0.77,8,8,6,74.59,0.58,PUBCHEM,0.969
COMPOUND_00202,Compound,Chemical_Compound_202,CID852798,CHEMBL785800,C=OCCN,FNORIYUDIZBYJW-VSAGUBGPYN-C,LIPID,C28H50N5S1Cl0,670.3941,6.18,8,0,9,196.32,0.89,PUBCHEM,0.801
COMPOUND_00203,Compound,Chemical_Compound_203,CID973296,CHEMBL121496,C=OCCCCNc1ccccc1,UQSPTAJQNLUYRV-DLAWURUEZL-W,FLAVONOID,C13H15N4O2Cl1,766.8137,-0.64,10,9,19,194.93,0.46,PUBCHEM,0.821
COMPOUND_00204,Compound,Chemical_Compound_204,CID629444,CHEMBL437632,CCC=O,FXKDSVEHSYMWKC-NACSHREYTS-H,SMALL_MOLECULE,C12H26N4,553.7548,-0.05,5,1,0,186.22,0.19,PUBCHEM,0.959
COMPOUND_00205,Compound,Chemical_Compound_205,CID901745,CHEMBL511791,CC=OC(=O)O,IOMBZXGNNNFSEZ-XZTLLLYGMB-A,LIPID,C27H44N7O7,256.3002,3.09,6,11,8,180.62,0.26,PUBCHEM,0.845
COMPOUND_00206,Compound,Chemical_Compound_206,CID297203,CHEMBL147169,CCCNCCOCCC,IKOXCWKYPUZFCU-TBQHTQFKMU-M,NUCLEOTIDE,C6H44N4O5,579.102,0.03,3,10,17,120.04,0.22,PUBCHEM,0.946
COMPOUND_00207,Compound,Chemical_Compound_207,CID500209,CHEMBL560154,CCNC=Oc1ccccc1CCO,HGNNICSWESCSBB-TMRNHTDSCU-R,PEPTIDE,C5H40N7O7,731.3974,3.52,1,5,16,52.65,0.75,PUBCHEM,0.914
COMPOUND_00208,Compound,Chemical_Compound_208,CID716981,CHEMBL914415,CCCCCOCCc1ccccc1,SJRPIETREPEHNT-SNOUAWRGVU-U,LIPID,C19H59N3O2,160.8651,-0.96,7,1,7,71.56,0.93,PUBCHEM,0.924
COMPOUND_00209,Compound,Chemical_Compound_209,CID450327,CHEMBL790774,CCCO,RFRQWIPTADSJHV-LVNOWIRCMR-V,LIPID,C15H43O10,997.6473,7.41,4,1,3,56.67,0.55,PUBCHEM,0.822
COMPOUND_00210,Compound,Chemical_Compound_210,CID546810,CHEMBL726597,CCCCCCC(=O)OCCCO,LESMEROBPQEKCR-KRUCZRDFIC-E,FLAVONOID,C14H26O8S0Cl2,375.7866,-1.29,8,3,4,182.71,0.97,PUBCHEM,0.905
COMPOUND_00211,Compound,Chemical_Compound_211,CID564231,CHEMBL850877,c1ccccc1c1ccccc1,AXYCQJGTYYRQZG-HUBWDWIYJK-H,LIPID,C24H22N3O8S2,993.498,-1.33,5,8,8,174.75,0.59,PUBCHEM,0.861
COMPOUND_00212,Compound,Chemical_Compound_212,CID768333,CHEMBL196400,CCCc1ccccc1CCCCC(=O)O,BOPTZSALLWFBKM-ATKRRJFJUT-N,ALKALOID,C18H30N6Cl2,491.0071,4.15,9,7,14,70.41,0.96,PUBCHEM,0.869
COMPOUND_00213,Compound,Chemical_Compound_213,CID697499,CHEMBL753655,C(=O)OCCCC,KBTAHYCDJHQJII-LSUCXDYULX-W,STEROID,C27H57N4O7Cl0,979.852,6.08,5,12,16,21.08,0.37,PUBCHEM,0.858
COMPOUND_00214,Compound,Chemical_Compound_214,CID194776,CHEMBL876173,CCCC(=O)O,OHBNFNWAZVEICW-ZPFFLCLZEO-Y,STEROID,C15H21N4O5,994.1995,3.62,7,12,20,119.17,0.91,PUBCHEM,0.845
COMPOUND_00215,Compound,Chemical_Compound_215,CID399775,CHEMBL152755,C(=O)OCCCCCCCC(=O)O,GWTMAXJVIYYHNM-NAYEWWNBAF-X,CARBOHYDRATE,C23H28O4,112.7057,6.79,4,2,13,192.14,0.47,PUBCHEM,0.909
COMPOUND_00216,Compound,Chemical_Compound_216,CID648464,CHEMBL491747,CCNCCCCOC,GCJFNLYQOGFZDR-COAYXNMDJM-A,LIPID,C15H33N6O4Cl3,577.0927,5.16,8,9,16,53.0,0.38,PUBCHEM,0.863
COMPOUND_00217,Compound,Chemical_Compound_217,CID894337,CHEMBL443085,CC(=O)OC=OC(=O)O,LJKEQXILVBYAQZ-XAMMAQXANY-P,CARBOHYDRATE,C17H25N8O7Cl2,804.1378,1.46,3,3,19,50.67,0.4,PUBCHEM,0.885
COMPOUND_00218,Compound,Chemical_Compound_218,CID473712,CHEMBL445341,C(=O)OC(=O)O,DNWNCOBDSRXTMD-DPMLYIFMLA-N,NUCLEOTIDE,C21H50N3O9,109.058,3.35,8,0,6,189.6,0.31,PUBCHEM,0.806
COMPOUND_00219,Compound,Chemical_Compound_219,CID324391,CHEMBL572942,c1ccccc1CCCCCCO,JCTOJNSYLIPBWP-YUYEYHYCFR-F,ALKALOID,C16H33O6,233.7417,5.23,2,15,5,193.42,0.39,PUBCHEM,0.837
COMPOUND_00220,Compound,Chemical_Compound_220,CID893966,CHEMBL844448,CCOC(=O)O,XGGGHOYBSTBHXP-HUVCHZNJQL-H,PEPTIDE,C23H11O9,205.0087,1.71,6,2,13,177.25,0.74,PUBCHEM,0.92
COMPOUND_00221,Compound,Chemical_Compound_221,CID692278,CHEMBL535984,CCCCOCCCNC=O,IARNPGYQMFBIME-JPBWFPQCYP-Z,LIPID,C5H22N4O8,610.2828,4.22,3,7,11,65.25,0.75,PUBCHEM,0.957
COMPOUND_00222,Compound,Chemical_Compound_222,CID543201,CHEMBL600575,CCCNCCOC,RDFYAONMEZWFIW-RYZUNJKIZU-I,ALKALOID,C20H31O2Cl3,579.9854,2.33,4,11,19,161.55,0.67,PUBCHEM,0.826
COMPOUND_00223,Compound,Chemical_Compound_223,CID939419,CHEMBL632486,CCCC(=O)O,SJSFEHUBXFPRWQ-CYZKYJFCDW-X,NUCLEOTIDE,C22H32N4Cl2,773.4518,6.26,1,6,5,177.75,0.69,PUBCHEM,0.92
COMPOUND_00224,Compound,Chemical_Compound_224,CID352025,CHEMBL197869,C=OCCC,ETEGDATAAQAEKS-ESTUCLJGNR-M,CARBOHYDRATE,C17H45N2O2,931.7235,0.13,7,12,3,26.68,0.53,PUBCHEM,0.906
COMPOUND_00225,Compound,Chemical_Compound_225,CID403077,CHEMBL593828,CCC(=O)OCCO,ZIPLYNDUXGUBKA-VDIOXFALLY-L,PEPTIDE,C7H45N8O0,216.4723,-0.09,8,5,3,88.65,0.8,PUBCHEM,0.935
COMPOUND_00226,Compound,Chemical_Compound_226,CID269927,CHEMBL572594,C(=O)OCCOC,DHKFATBOUUVHVU-AMZIGPHMPG-V,NUCLEOTIDE,C27H34,899.2865,1.75,7,12,4,79.19,0.28,PUBCHEM,0.882
COMPOUND_00227,Compound,Chemical_Compound_227,CID220471,CHEMBL534117,C(=O)OC=OCC,NNUQDNEBRARLKF-KFRPVKOUHD-X,SMALL_MOLECULE,C23H25O1S2Cl0,130.5541,6.14,2,4,7,60.76,0.78,PUBCHEM,0.929
COMPOUND_00228,Compound,Chemical_Compound_228,CID552826,CHEMBL701460,C=OCC,GCWWFGBLAYFTNQ-ZCJZTUQWVB-Z,STEROID,C6H11N0O7S0Cl2,455.7016,0.12,9,3,17,89.98,0.68,PUBCHEM,0.909
COMPOUND_00229,Compound,Chemical_Compound_229,CID915848,CHEMBL658447,CCNCCC(=O)O,DUECUKEAKUFGKL-RWINILZWOU-E,SMALL_MOLECULE,C29H43O1,361.6354,-1.08,6,12,12,189.92,0.69,PUBCHEM,0.816
COMPOUND_00230,Compound,Chemical_Compound_230,CID187238,CHEMBL503196,CCCOCCCNCCO,MQPGISHYZUORPB-YQMVDGQEJU-P,STEROID,C17H29N7O1,315.9714,0.62,10,7,1,78.37,0.98,PUBCHEM,0.813
COMPOUND_00231,Compound,Chemical_Compound_231,CID329196,CHEMBL760669,CC(=O)OCCNCCN,PIYSIVBROQLTZA-UJATXXHGMO-H,STEROID,C22H31N0O3Cl2,842.2633,-1.17,2,8,5,71.64,0.37,PUBCHEM,0.936
COMPOUND_00232,Compound,Chemical_Compound_232,CID592771,CHEMBL100034,CCNCCOc1ccccc1CCC=O,JYWDTPDKHPXNMV-PVMKBVBRKX-F,PEPTIDE,C27H12N2O1,858.7236,2.1,1,13,18,44.58,0.88,PUBCHEM,0.961
COMPOUND_00233,Compound,Chemical_Compound_233,CID748476,CHEMBL720996,CCC=OCCCCCOc1ccccc1,ITEIFGVSORQUZC-OAWXHQEOQW-S,CARBOHYDRATE,C12H45O8,329.1168,7.05,8,14,18,122.82,0.72,PUBCHEM,0.862
COMPOUND_00234,Compound,Chemical_Compound_234,CID146649,CHEMBL658728,CCNC,CXIRVBZKWUKDUO-MFZEWCXGYE-C,SMALL_MOLECULE,C30H59N8O8,210.5551,4.29,8,7,16,26.95,0.39,PUBCHEM,0.885
COMPOUND_00235,Compound,Chemical_Compound_235,CID622827,CHEMBL650496,c1ccccc1CCNc1ccccc1,DQBCQEUFWGVNXF-FAAGFWGCSV-O,CARBOHYDRATE,C19H57N0O10,470.6852,0.26,4,6,19,25.17,0.57,PUBCHEM,0.965
COMPOUND_00236,Compound,Chemical_Compound_236,CID604704,CHEMBL188904,Cc1ccccc1C,LPBSQJDVCEQRGA-IGNQXUFLBO-J,CARBOHYDRATE,C17H28N4,652.4468,2.18,9,6,11,51.75,0.58,PUBCHEM,0.829
COMPOUND_00237,Compound,Chemical_Compound_237,CID714463,CHEMBL277066,CCCNc1ccccc1CCC,RAMQABCWJXVVJT-REORSQIGRZ-P,ALKALOID,C18H51N7O7,713.0266,-1.57,0,3,4,108.1,0.56,PUBCHEM,0.937
COMPOUND_00238,Compound,Chemical_Compound_238,CID912850,CHEMBL915624,CCCCNC=Oc1ccccc1,EBSNBDCQXBOFUV-VPFNQDUDPE-S,PEPTIDE,C5H59O1,138.0374,0.38,2,2,18,172.79,0.75,PUBCHEM,0.905
COMPOUND_00239,Compound,Chemical_Compound_239,CID282935,CHEMBL791167,c1ccccc1c1ccccc1C,ZUULQWGOZIAPFY-YSXXQFJVGR-J,FLAVONOID,C30H27O1S1Cl0,930.1932,3.71,2,7,9,139.67,0.35,PUBCHEM,0.812
COMPOUND_00240,Compound,Chemical_Compound_240,CID920746,CHEMBL474263,C=OCCOCC,RTJESAKRQRZBEN-BLBACSIWND-I,STEROID,C30H36N6O7Cl0,856.7956,0.17,2,9,9,163.54,0.75,PUBCHEM,0.916
COMPOUND_00241,Compound,Chemical_Compound_241,CID411843,CHEMBL130890,CCOCCC,EKRTZYMSKFOXZJ-HFCPOIOFYW-T,STEROID,C28H33O1,279.295,-0.82,5,2,12,61.49,0.22,PUBCHEM,0.905
COMPOUND_00242,Compound,Chemical_Compound_242,CID748166,CHEMBL771664,CC,SEKFZQKYNXGJSM-NENQWVTCVK-X,NUCLEOTIDE,C6H31N3O2S0,433.6257,5.52,10,4,7,175.0,0.99,PUBCHEM,0.807
COMPOUND_00243,Compound,Chemical_Compound_243,CID666612,CHEMBL940575,CCCC=OCCC(=O)O,HFUZQVDXCMRBFA-KVCHTPZFKW-F,LIPID,C12H13N2O0S0Cl1,256.2327,-1.75,5,11,11,30.21,0.29,PUBCHEM,0.927
COMPOUND_00244,Compound,Chemical_Compound_244,CID109449,CHEMBL304825,C(=O)Oc1ccccc1c1ccccc1,CHCBZWQLSZMFYH-FMKHTKLCWU-J,STEROID,C8H15N2O3Cl1,284.7814,1.51,6,11,8,96.02,0.16,PUBCHEM,0.814
COMPOUND_00245,Compound,Chemical_Compound_245,CID564676,CHEMBL141364,C=OCCCCCCO,NIDMGWNTMSZLXH-NRKRPFJMUT-H,STEROID,C19H46N3O4S2,902.5684,3.12,3,9,3,29.0,0.63,PUBCHEM,0.968
COMPOUND_00246,Compound,Chemical_Compound_246,CID728910,CHEMBL129915,CCCc1ccccc1,CDWGAOKXLJYELB-QAYQSXTOTY-D,CARBOHYDRATE,C10H31N8O0S1,436.3122,3.29,0,9,4,21.95,0.63,PUBCHEM,0.91
COMPOUND_00247,Compound,Chemical_Compound_247,CID899430,CHEMBL891142,CCNC(=O)O,JEETLANDWTXAXS-YYBGNEIUIU-S,LIPID,C22H12N3,127.3107,3.05,5,5,17,137.91,0.91,PUBCHEM,0.913
COMPOUND_00248,Compound,Chemical_Compound_248,CID816562,CHEMBL805935,c1ccccc1C=OCC,IGSPOKEDVBSTCI-ERVRUORAOB-J,FLAVONOID,C24H34N2O9,692.7338,-0.97,10,4,6,131.9,0.32,PUBCHEM,0.977
COMPOUND_00249,Compound,Chemical_Compound_249,CID937867,CHEMBL940514,CCCOCc1ccccc1CC,VYISRXXSGJIOIS-OZZFDZUDJQ-U,PEPTIDE,C29H32N2Cl0,285.3141,7.64,6,2,18,59.18,0.39,PUBCHEM,0.931
COMPOUND_00250,Compound,Chemical_Compound_250,CID387287,CHEMBL607238,CCC=OC(=O)OC(=O)O,BUXVCWLBFURVVX-TMXATCNEBC-H,ALKALOID,C16H15N4O3S1,424.9317,4.2,5,15,19,106.5,0.81,PUBCHEM,0.874
COMPOUND_00251,Compound,Chemical_Compound_251,CID376815,CHEMBL799671,C(=O)OCCCCC,RXZTONSGRKDTZQ-TBBAERAPKY-P,FLAVONOID,C25H52N3O0,799.2291,5.02,9,13,18,197.05,0.93,PUBCHEM,0.975
COMPOUND_00252,Compound,Chemical_Compound_252,CID370362,CHEMBL487742,CCCCC,VXVBHJSGKIRYBM-VHTNURUBBF-Z,LIPID,C22H57O2,359.7898,-0.26,6,0,4,145.8,0.83,PUBCHEM,0.817
COMPOUND_00253,Compound,Chemical_Compound_253,CID542804,CHEMBL339238,CCOCCCC=OCCC,XDKOXNGGLPVHDZ-LOGMFZPCDU-A,PEPTIDE,C20H38N3O3,790.1081,6.04,7,8,0,153.68,0.18,PUBCHEM,0.828
COMPOUND_00254,Compound,Chemical_Compound_254,CID594192,CHEMBL458518,CCNCC(=O)OCCOCC,OOQCCFNLYAAJZJ-IDKSDBNMKZ-D,SMALL_MOLECULE,C9H36N7O7S2,298.3021,-0.64,5,3,2,22.83,0.26,PUBCHEM,0.874
COMPOUND_00255,Compound,Chemical_Compound_255,CID366136,CHEMBL285275,C=OC(=O)O,SXIOUXNWWUNCMU-FGXFDZMYCU-L,STEROID,C14H59N1O2,647.788,0.19,5,5,9,146.62,0.76,PUBCHEM,0.847
COMPOUND_00256,Compound,Chemical_Compound_256,CID728832,CHEMBL824371,CCC,EHTWLTVAXRJQXN-TDBWNIDDYC-J,STEROID,C29H59N4O5,504.2984,0.14,6,6,10,60.22,0.63,PUBCHEM,0.861
COMPOUND_00257,Compound,Chemical_Compound_257,CID470945,CHEMBL517393,C=OCCCCCN,KJOCIDWVKCTFDU-PMFEJNOVIQ-N,ALKALOID,C20H37O7S2,341.6164,0.32,5,3,2,172.52,0.52,PUBCHEM,0.908
COMPOUND_00258,Compound,Chemical_Compound_258,CID785189,CHEMBL175543,CCCc1ccccc1CCCC,FMHNBVDATFYSGA-LWFBJGUHZN-I,PEPTIDE,C24H43N2O3,361.5697,7.34,1,4,2,193.9,0.97,PUBCHEM,0.954
COMPOUND_00259,Compound,Chemical_Compound_259,CID617374,CHEMBL338061,CCOCCNCCCCN,MFCODZCHRVYNGO-MMDYIPMEEG-K,ALKALOID,C26H31Cl0,853.4671,4.29,6,15,20,181.35,0.37,PUBCHEM,0.865
COMPOUND_00260,Compound,Chemical_Compound_260,CID547341,CHEMBL709757,CCCC=OCCC,LIRSIDIFTDQTKT-QJMPBGGHWJ-L,STEROID,C23H20N0Cl2,620.1248,-0.94,4,13,18,178.32,0.27,PUBCHEM,0.957
COMPOUND_00261,Compound,Chemical_Compound_261,CID730843,CHEMBL730929,CCOCCCc1ccccc1CCCC(=O)O,ODLORCAIJYUGVG-SGRUHJQAQC-Z,FLAVONOID,C13H37O9,298.6019,2.86,0,5,19,49.41,0.32,PUBCHEM,0.841
COMPOUND_00262,Compound,Chemical_Compound_262,CID977834,CHEMBL640110,CCNCc1ccccc1CCO,JRPDVZRSMYPTCD-EEHSDFDQGV-H,PEPTIDE,C30H56N5O10,147.1757,-1.45,8,4,1,62.42,0.84,PUBCHEM,0.881
COMPOUND_00263,Compound,Chemical_Compound_263,CID884189,CHEMBL204122,CCNc1ccccc1C=OCCO,JRAJGGZZFGKVHI-NRIBWKPMVL-N,SMALL_MOLECULE,C11H39Cl3,547.0269,7.14,1,14,10,47.44,1.0,PUBCHEM,0.818
COMPOUND_00264,Compound,Chemical_Compound_264,CID779839,CHEMBL816839,C(=O)OCCC,YFTKGHNBDEQBQD-YNRQUEHUTF-W,ALKALOID,C15H41N8O9S1,702.0199,4.88,5,7,12,181.98,0.98,PUBCHEM,0.896
COMPOUND_00265,Compound,Chemical_Compound_265,CID531919,CHEMBL579569,c1ccccc1C=O,WEHADJJBCLWCDL-HADZABKZZE-O,FLAVONOID,C10H47O8,419.2713,6.47,6,8,12,100.82,0.3,PUBCHEM,0.884
COMPOUND_00266,Compound,Chemical_Compound_266,CID861913,CHEMBL282793,C=OCCCCCCN,ZHQRVJDJAFEJFA-OSUPBXDGRV-Z,PEPTIDE,C18H60N6O6S0,219.6531,-0.75,10,9,2,49.99,0.28,PUBCHEM,0.932
COMPOUND_00267,Compound,Chemical_Compound_267,CID132719,CHEMBL754510,C=OCCO,PSYZUGYNMIXGHJ-ELRSMOJYAT-X,LIPID,C22H24N0O10Cl0,570.5772,1.76,6,15,8,98.55,0.19,PUBCHEM,0.847
COMPOUND_00268,Compound,Chemical_Compound_268,CID999325,CHEMBL154564,c1ccccc1CC(=O)O,QCRGASRESKHBYD-VUTWLUEWSF-P,CARBOHYDRATE,C6H46N7O10Cl2,198.3973,4.58,9,4,0,71.02,0.76,PUBCHEM,0.949
COMPOUND_00269,Compound,Chemical_Compound_269,CID989040,CHEMBL432383,CCOCCN,SPJBRMTWCCEHGJ-PEUJZDNEEW-M,STEROID,C10H49N6Cl2,855.9276,0.88,5,4,2,116.76,0.7,PUBCHEM,0.911
COMPOUND_00270,Compound,Chemical_Compound_270,CID334382,CHEMBL288573,CCCCCOC=O,KKYZUAVJWCLCAC-WTBVOINKVR-C,ALKALOID,C8H55N2S2,560.7363,7.36,4,14,11,42.8,0.79,PUBCHEM,0.896
COMPOUND_00271,Compound,Chemical_Compound_271,CID208877,CHEMBL787788,c1ccccc1CCN,KFFQYQKLGIEFRX-ZMIBKOXAHT-M,CARBOHYDRATE,C17H39O8,387.9073,7.0,2,10,14,101.14,0.65,PUBCHEM,0.914
COMPOUND_00272,Compound,Chemical_Compound_272,CID142295,CHEMBL392173,CCOCCCCCCCCCCCN,RSGMTWDZZLWLUD-UCLRIQEELG-Z,STEROID,C11H50O4,911.3346,-0.44,9,0,16,47.49,0.29,PUBCHEM,0.96
COMPOUND_00273,Compound,Chemical_Compound_273,CID205305,CHEMBL589926,CCOCC,DDAYDIBUYLOJDI-PLNJFXDOYC-G,STEROID,C26H45N4O7Cl0,846.5006,2.81,10,2,17,112.46,0.83,PUBCHEM,0.804
COMPOUND_00274,Compound,Chemical_Compound_274,CID206399,CHEMBL104461,Cc1ccccc1C=OCCN,FLXYBZKGCZWFNV-EYXNLFASAM-M,NUCLEOTIDE,C28H34N2O5,274.4043,2.45,2,4,6,187.71,0.37,PUBCHEM,0.864
COMPOUND_00275,Compound,Chemical_Compound_275,CID454942,CHEMBL503824,CCNCCNCCNC(=O)O,PEQTXMKHAQMKBI-FFNPYNKMJE-K,LIPID,C15H54N3O2,548.696,6.23,9,1,1,170.42,0.63,PUBCHEM,0.808
COMPOUND_00276,Compound,Chemical_Compound_276,CID124914,CHEMBL954705,CCCOC=OCc1ccccc1,VHEJNDFMETREBV-LCQQJIILSG-N,STEROID,C27H27O5Cl2,216.2475,3.07,9,7,16,68.6,0.71,PUBCHEM,0.868
COMPOUND_00277,Compound,Chemical_Compound_277,CID986277,CHEMBL246949,CCC(=O)OC(=O)OCCOC=O,XZNVRIJHEXMAED-TUOQZGJVNZ-A,ALKALOID,C5H29N2O10Cl3,853.0667,7.97,10,2,9,64.18,0.56,PUBCHEM,0.978
COMPOUND_00278,Compound,Chemical_Compound_278,CID693908,CHEMBL851630,CCCC,KTAMCDGCPLHCVF-BPPOPGOXDQ-Q,STEROID,C28H53N2O3S1Cl2,975.4956,6.41,2,5,6,198.12,0.91,PUBCHEM,0.802
COMPOUND_00279,Compound,Chemical_Compound_279,CID662529,CHEMBL881741,C=OCCOC,MWMDKDDNARBEKQ-VNDKLUFQQS-L,CARBOHYDRATE,C8H41N6,315.0586,2.78,2,9,8,120.75,0.89,PUBCHEM,0.812
COMPOUND_00280,Compound,Chemical_Compound_280,CID376936,CHEMBL371502,CCCCCC(=O)O,SIJTJLZSRWDEVU-NURMVCUYBM-L,STEROID,C30H43O7Cl0,292.8836,-1.08,9,15,9,77.38,0.26,PUBCHEM,0.9
COMPOUND_00281,Compound,Chemical_Compound_281,CID840037,CHEMBL662802,CCNCCNCCCC(=O)O,SPLWALTUXEFIHR-UZVUUZCOJY-C,PEPTIDE,C8H41N1O7,229.4412,3.49,8,3,4,71.23,0.45,PUBCHEM,0.833
COMPOUND_00282,Compound,Chemical_Compound_282,CID141676,CHEMBL765438,CCCC(=O)O,ZVYDECZOGWSUHB-QIZJQDJUDL-H,NUCLEOTIDE,C6H16O9,217.6508,-1.59,3,6,0,46.9,0.19,PUBCHEM,0.956
COMPOUND_00283,Compound,Chemical_Compound_283,CID942316,CHEMBL977647,CCCCc1ccccc1c1ccccc1C=O,NMAYIGZFMORUYN-CGWOLMKKFB-E,ALKALOID,C26H58N3Cl0,517.8942,1.76,1,0,13,28.62,0.18,PUBCHEM,0.883
COMPOUND_00284,Compound,Chemical_Compound_284,CID710279,CHEMBL805099,CCCCC,NHTKLXSZJWSVGD-LOKXTDTZCG-Z,STEROID,C17H22N4O10,753.2911,7.54,10,14,14,186.94,0.97,PUBCHEM,0.854
COMPOUND_00285,Compound,Chemical_Compound_285,CID764028,CHEMBL254201,CCCCCC,KPBHNWIKPKQZBI-LKMAIPERBJ-P,PEPTIDE,C18H43N2O3Cl3,166.4154,0.08,9,4,6,138.37,0.42,PUBCHEM,0.855
COMPOUND_00286,Compound,Chemical_Compound_286,CID588820,CHEMBL501211,c1ccccc1C(=O)OC=OCC,JSZNPVTUDENNNU-FGPDHQEXDV-S,LIPID,C17H53O6S0,567.674,1.67,10,7,13,58.1,0.48,PUBCHEM,0.895
COMPOUND_00287,Compound,Chemical_Compound_287,CID798346,CHEMBL353197,c1ccccc1CCCCCCC,GRVQUIBVWFPAQM-YDFNKMTJRC-G,NUCLEOTIDE,C30H14O6S2,434.727,1.12,3,6,9,147.23,0.36,PUBCHEM,0.86
COMPOUND_00288,Compound,Chemical_Compound_288,CID758291,CHEMBL692931,CCCC,KMRPVTLLQKTZZS-YNUGIIIWAA-Z,FLAVONOID,C23H14N7O2,945.7072,2.41,8,15,9,166.89,0.17,PUBCHEM,0.854
COMPOUND_00289,Compound,Chemical_Compound_289,CID754973,CHEMBL532915,c1ccccc1CCNCCNCCCN,XNDKCPBKPWUKWQ-GQKAYPHKOU-Z,STEROID,C20H18N4O5,279.9508,6.44,4,9,16,75.48,0.27,PUBCHEM,0.973
COMPOUND_00290,Compound,Chemical_Compound_290,CID719902,CHEMBL229263,c1ccccc1c1ccccc1,BTHNBZQZOCFABR-LMYNAMTWAA-U,NUCLEOTIDE,C5H57N2O3S2Cl1,284.9769,1.37,1,14,2,40.85,1.0,PUBCHEM,0.841
COMPOUND_00291,Compound,Chemical_Compound_291,CID759361,CHEMBL872599,C(=O)Oc1ccccc1C=OC,TCPWHWGBVASHZF-LYJWJHJBPS-F,PEPTIDE,C23H43N7Cl3,305.3584,-0.36,9,13,9,160.81,0.49,PUBCHEM,0.882
COMPOUND_00292,Compound,Chemical_Compound_292,CID610213,CHEMBL952173,CCNCCC,SWFZWMNSPPTAIS-ABFEMACZCZ-T,SMALL_MOLECULE,C11H50N7O3,695.7917,2.39,9,6,6,117.13,0.88,PUBCHEM,0.855
COMPOUND_00293,Compound,Chemical_Compound_293,CID852804,CHEMBL945493,CCCc1ccccc1CCCc1ccccc1,OCJBLZAREBCQLX-MFUBYIVWLD-V,SMALL_MOLECULE,C8H60N3O3,477.3336,-0.1,10,1,9,96.26,0.53,PUBCHEM,0.859
COMPOUND_00294,Compound,Chemical_Compound_294,CID588554,CHEMBL675345,c1ccccc1CC(=O)OCCCO,RRRFWIDLQZNJQV-FOHEJAQSCQ-L,LIPID,C10H44N6O7,565.252,1.89,7,5,1,48.05,0.63,PUBCHEM,0.831
COMPOUND_00295,Compound,Chemical_Compound_295,CID610183,CHEMBL701064,CCCCOC,YGQRDEBZJCPLGQ-KFQVTWHDLW-N,PEPTIDE,C11H55N8O1Cl1,433.9249,3.28,3,6,16,174.98,0.5,PUBCHEM,0.974
COMPOUND_00296,Compound,Chemical_Compound_296,CID853148,CHEMBL888355,CCCCNCCCO,GSLQXCVRSTASRY-DWHBQFWGSU-Q,LIPID,C29H46N4O5,328.717,1.28,5,2,6,25.01,0.64,PUBCHEM,0.972
COMPOUND_00297,Compound,Chemical_Compound_297,CID505634,CHEMBL416013,C(=O)OC=Oc1ccccc1C=OC(=O)O,WFSRWIXNULTVCM-RFYSHUJUOH-H,PEPTIDE,C18H27O5Cl0,524.5129,-0.92,1,8,7,165.8,0.73,PUBCHEM,0.802
COMPOUND_00298,Compound,Chemical_Compound_298,CID345512,CHEMBL403137,c1ccccc1C=O,GDOHBVWXZRQJQT-DMFDIKGAED-T,ALKALOID,C28H36N8O3,533.6656,3.02,5,13,0,112.09,0.31,PUBCHEM,0.879
COMPOUND_00299,Compound,Chemical_Compound_299,CID506137,CHEMBL510800,CCOC,MWEHKDFMJBSXCU-DQSRJBXTGX-I,FLAVONOID,C15H17N3O8Cl0,368.4486,4.88,3,15,1,156.18,0.47,PUBCHEM,0.864
COMPOUND_00300,Compound,Chemical_Compound_300,CID528116,CHEMBL754958,CCOCCOCCCCCNC(=O)O,UXBNSGBSTIZXOL-NTSPPMIQIB-X,NUCLEOTIDE,C12H14N0O4,920.3675,7.69,10,9,2,36.94,0.28,PUBCHEM,0.946
