Id,Label,FromId,ToId,Properties:tanimoto,Properties:dice,Properties:cosine,Properties:fingerprint,Properties:scaffold,Properties:pharmacophore,Properties:confidence,Properties:source
COMPOUND_SIMILARITY_00001,StructuralSimilarity,COMPOUND_00160,COMPOUND_00165,0.721,0.797,0.943,RDKit,same,0.438,0.908,SIMILARITY_CALC
COMPOUND_SIMILARITY_00002,StructuralSimilarity,COMPOUND_00125,COMPOUND_00161,0.652,0.594,0.522,MACCS,similar,0.784,0.849,SIMILARITY_CALC
COMPOUND_SIMILARITY_00003,StructuralSimilarity,COMPOUND_00051,COMPOUND_00034,0.457,0.903,0.453,RDKit,different,0.716,0.861,SIMILARITY_CALC
COMPOUND_SIMILARITY_00004,StructuralSimilarity,COMPOUND_00207,COMPOUND_00181,0.694,0.922,0.522,FCFP6,similar,0.512,0.956,SIMILARITY_CALC
COMPOUND_SIMILARITY_00005,StructuralSimilarity,COMPOUND_00020,COMPOUND_00236,0.913,0.909,0.897,FCFP6,same,0.592,0.841,SIMILARITY_CALC
COMPOUND_SIMILARITY_00006,StructuralSimilarity,COMPOUND_00146,COMPOUND_00015,0.427,0.554,0.704,RDKit,similar,0.725,0.75,SIMILARITY_CALC
COMPOUND_SIMILARITY_00007,StructuralSimilarity,COMPOUND_00085,COMPOUND_00198,0.619,0.355,0.724,MACCS,different,0.827,0.767,SIMILARITY_CALC
COMPOUND_SIMILARITY_00008,StructuralSimilarity,COMPOUND_00208,COMPOUND_00167,0.485,0.94,0.411,FCFP6,different,0.517,0.947,SIMILARITY_CALC
COMPOUND_SIMILARITY_00009,StructuralSimilarity,COMPOUND_00173,COMPOUND_00296,0.313,0.36,0.755,RDKit,similar,0.371,0.909,SIMILARITY_CALC
COMPOUND_SIMILARITY_00010,StructuralSimilarity,COMPOUND_00247,COMPOUND_00203,0.937,0.92,0.731,RDKit,different,0.288,0.818,SIMILARITY_CALC
COMPOUND_SIMILARITY_00011,StructuralSimilarity,COMPOUND_00196,COMPOUND_00122,0.512,0.553,0.612,MACCS,similar,0.707,0.806,SIMILARITY_CALC
COMPOUND_SIMILARITY_00012,StructuralSimilarity,COMPOUND_00073,COMPOUND_00149,0.879,0.777,0.386,RDKit,different,0.448,0.88,SIMILARITY_CALC
COMPOUND_SIMILARITY_00013,StructuralSimilarity,COMPOUND_00251,COMPOUND_00255,0.302,0.822,0.333,ECFP4,similar,0.638,0.966,SIMILARITY_CALC
COMPOUND_SIMILARITY_00014,StructuralSimilarity,COMPOUND_00196,COMPOUND_00241,0.396,0.5,0.328,ECFP4,similar,0.479,0.914,SIMILARITY_CALC
COMPOUND_SIMILARITY_00015,StructuralSimilarity,COMPOUND_00236,COMPOUND_00169,0.906,0.315,0.429,RDKit,different,0.75,0.863,SIMILARITY_CALC
COMPOUND_SIMILARITY_00016,StructuralSimilarity,COMPOUND_00155,COMPOUND_00278,0.943,0.835,0.67,FCFP6,similar,0.456,0.92,SIMILARITY_CALC
COMPOUND_SIMILARITY_00017,StructuralSimilarity,COMPOUND_00286,COMPOUND_00276,0.461,0.476,0.586,FCFP6,same,0.636,0.971,SIMILARITY_CALC
COMPOUND_SIMILARITY_00018,StructuralSimilarity,COMPOUND_00299,COMPOUND_00179,0.411,0.635,0.369,RDKit,same,0.789,0.756,SIMILARITY_CALC
COMPOUND_SIMILARITY_00019,StructuralSimilarity,COMPOUND_00231,COMPOUND_00284,0.771,0.62,0.892,RDKit,different,0.296,0.956,SIMILARITY_CALC
COMPOUND_SIMILARITY_00020,StructuralSimilarity,COMPOUND_00235,COMPOUND_00237,0.558,0.866,0.402,ECFP4,different,0.586,0.775,SIMILARITY_CALC
COMPOUND_SIMILARITY_00021,StructuralSimilarity,COMPOUND_00203,COMPOUND_00019,0.448,0.576,0.418,MACCS,different,0.835,0.765,SIMILARITY_CALC
COMPOUND_SIMILARITY_00022,StructuralSimilarity,COMPOUND_00053,COMPOUND_00142,0.306,0.564,0.666,FCFP6,similar,0.558,0.968,SIMILARITY_CALC
COMPOUND_SIMILARITY_00023,StructuralSimilarity,COMPOUND_00271,COMPOUND_00282,0.601,0.706,0.747,FCFP6,different,0.502,0.884,SIMILARITY_CALC
COMPOUND_SIMILARITY_00024,StructuralSimilarity,COMPOUND_00066,COMPOUND_00026,0.489,0.776,0.936,ECFP4,same,0.293,0.82,SIMILARITY_CALC
COMPOUND_SIMILARITY_00025,StructuralSimilarity,COMPOUND_00145,COMPOUND_00075,0.466,0.46,0.523,ECFP4,different,0.258,0.893,SIMILARITY_CALC
COMPOUND_SIMILARITY_00026,StructuralSimilarity,COMPOUND_00047,COMPOUND_00108,0.846,0.693,0.575,MACCS,same,0.638,0.839,SIMILARITY_CALC
COMPOUND_SIMILARITY_00027,StructuralSimilarity,COMPOUND_00223,COMPOUND_00059,0.767,0.646,0.945,MACCS,different,0.298,0.953,SIMILARITY_CALC
COMPOUND_SIMILARITY_00028,StructuralSimilarity,COMPOUND_00028,COMPOUND_00077,0.889,0.519,0.795,MACCS,similar,0.622,0.905,SIMILARITY_CALC
COMPOUND_SIMILARITY_00029,StructuralSimilarity,COMPOUND_00270,COMPOUND_00241,0.907,0.709,0.592,MACCS,different,0.615,0.896,SIMILARITY_CALC
COMPOUND_SIMILARITY_00030,StructuralSimilarity,COMPOUND_00117,COMPOUND_00238,0.435,0.712,0.48,ECFP4,different,0.423,0.944,SIMILARITY_CALC
COMPOUND_SIMILARITY_00031,StructuralSimilarity,COMPOUND_00280,COMPOUND_00252,0.657,0.567,0.33,RDKit,similar,0.6,0.956,SIMILARITY_CALC
COMPOUND_SIMILARITY_00032,StructuralSimilarity,COMPOUND_00241,COMPOUND_00161,0.392,0.925,0.64,FCFP6,different,0.788,0.872,SIMILARITY_CALC
COMPOUND_SIMILARITY_00033,StructuralSimilarity,COMPOUND_00268,COMPOUND_00022,0.409,0.362,0.556,ECFP4,different,0.37,0.813,SIMILARITY_CALC
COMPOUND_SIMILARITY_00034,StructuralSimilarity,COMPOUND_00238,COMPOUND_00237,0.866,0.795,0.453,FCFP6,different,0.438,0.751,SIMILARITY_CALC
COMPOUND_SIMILARITY_00035,StructuralSimilarity,COMPOUND_00219,COMPOUND_00224,0.323,0.757,0.347,FCFP6,similar,0.567,0.757,SIMILARITY_CALC
COMPOUND_SIMILARITY_00036,StructuralSimilarity,COMPOUND_00023,COMPOUND_00064,0.375,0.485,0.934,ECFP4,similar,0.793,0.89,SIMILARITY_CALC
COMPOUND_SIMILARITY_00037,StructuralSimilarity,COMPOUND_00006,COMPOUND_00186,0.414,0.784,0.857,FCFP6,same,0.69,0.976,SIMILARITY_CALC
COMPOUND_SIMILARITY_00038,StructuralSimilarity,COMPOUND_00189,COMPOUND_00084,0.694,0.545,0.496,FCFP6,same,0.579,0.876,SIMILARITY_CALC
COMPOUND_SIMILARITY_00039,StructuralSimilarity,COMPOUND_00114,COMPOUND_00273,0.746,0.735,0.729,FCFP6,similar,0.652,0.756,SIMILARITY_CALC
COMPOUND_SIMILARITY_00040,StructuralSimilarity,COMPOUND_00106,COMPOUND_00104,0.571,0.719,0.303,FCFP6,similar,0.527,0.777,SIMILARITY_CALC
COMPOUND_SIMILARITY_00041,StructuralSimilarity,COMPOUND_00006,COMPOUND_00280,0.765,0.458,0.641,RDKit,same,0.312,0.95,SIMILARITY_CALC
COMPOUND_SIMILARITY_00042,StructuralSimilarity,COMPOUND_00076,COMPOUND_00292,0.369,0.711,0.913,FCFP6,different,0.494,0.854,SIMILARITY_CALC
COMPOUND_SIMILARITY_00043,StructuralSimilarity,COMPOUND_00008,COMPOUND_00040,0.397,0.858,0.749,RDKit,different,0.328,0.774,SIMILARITY_CALC
COMPOUND_SIMILARITY_00044,StructuralSimilarity,COMPOUND_00137,COMPOUND_00277,0.549,0.879,0.687,RDKit,different,0.732,0.88,SIMILARITY_CALC
COMPOUND_SIMILARITY_00045,StructuralSimilarity,COMPOUND_00216,COMPOUND_00273,0.528,0.677,0.521,FCFP6,similar,0.868,0.888,SIMILARITY_CALC
COMPOUND_SIMILARITY_00046,StructuralSimilarity,COMPOUND_00132,COMPOUND_00239,0.854,0.419,0.629,FCFP6,same,0.684,0.823,SIMILARITY_CALC
COMPOUND_SIMILARITY_00047,StructuralSimilarity,COMPOUND_00279,COMPOUND_00083,0.824,0.647,0.483,ECFP4,different,0.841,0.935,SIMILARITY_CALC
COMPOUND_SIMILARITY_00048,StructuralSimilarity,COMPOUND_00213,COMPOUND_00119,0.801,0.654,0.381,RDKit,same,0.629,0.942,SIMILARITY_CALC
COMPOUND_SIMILARITY_00049,StructuralSimilarity,COMPOUND_00118,COMPOUND_00105,0.455,0.903,0.696,ECFP4,different,0.546,0.955,SIMILARITY_CALC
COMPOUND_SIMILARITY_00050,StructuralSimilarity,COMPOUND_00203,COMPOUND_00266,0.924,0.879,0.568,RDKit,similar,0.887,0.821,SIMILARITY_CALC
COMPOUND_SIMILARITY_00051,StructuralSimilarity,COMPOUND_00262,COMPOUND_00022,0.325,0.494,0.571,MACCS,different,0.388,0.891,SIMILARITY_CALC
COMPOUND_SIMILARITY_00052,StructuralSimilarity,COMPOUND_00263,COMPOUND_00122,0.783,0.438,0.413,MACCS,same,0.496,0.935,SIMILARITY_CALC
COMPOUND_SIMILARITY_00053,StructuralSimilarity,COMPOUND_00125,COMPOUND_00260,0.788,0.41,0.937,RDKit,similar,0.312,0.8,SIMILARITY_CALC
COMPOUND_SIMILARITY_00054,StructuralSimilarity,COMPOUND_00041,COMPOUND_00145,0.838,0.432,0.613,ECFP4,similar,0.869,0.808,SIMILARITY_CALC
COMPOUND_SIMILARITY_00055,StructuralSimilarity,COMPOUND_00104,COMPOUND_00191,0.45,0.313,0.3,ECFP4,similar,0.758,0.849,SIMILARITY_CALC
COMPOUND_SIMILARITY_00056,StructuralSimilarity,COMPOUND_00178,COMPOUND_00084,0.916,0.391,0.659,RDKit,similar,0.612,0.833,SIMILARITY_CALC
COMPOUND_SIMILARITY_00057,StructuralSimilarity,COMPOUND_00170,COMPOUND_00230,0.77,0.844,0.814,RDKit,different,0.404,0.817,SIMILARITY_CALC
COMPOUND_SIMILARITY_00058,StructuralSimilarity,COMPOUND_00027,COMPOUND_00266,0.832,0.379,0.935,ECFP4,same,0.647,0.81,SIMILARITY_CALC
COMPOUND_SIMILARITY_00059,StructuralSimilarity,COMPOUND_00081,COMPOUND_00023,0.555,0.806,0.657,MACCS,same,0.391,0.859,SIMILARITY_CALC
COMPOUND_SIMILARITY_00060,StructuralSimilarity,COMPOUND_00075,COMPOUND_00002,0.343,0.628,0.744,ECFP4,similar,0.876,0.818,SIMILARITY_CALC
COMPOUND_SIMILARITY_00061,StructuralSimilarity,COMPOUND_00259,COMPOUND_00096,0.496,0.94,0.68,ECFP4,similar,0.541,0.837,SIMILARITY_CALC
COMPOUND_SIMILARITY_00062,StructuralSimilarity,COMPOUND_00080,COMPOUND_00252,0.54,0.713,0.831,RDKit,different,0.214,0.935,SIMILARITY_CALC
COMPOUND_SIMILARITY_00063,StructuralSimilarity,COMPOUND_00077,COMPOUND_00151,0.688,0.32,0.426,FCFP6,different,0.587,0.756,SIMILARITY_CALC
COMPOUND_SIMILARITY_00064,StructuralSimilarity,COMPOUND_00079,COMPOUND_00270,0.912,0.685,0.461,MACCS,similar,0.208,0.907,SIMILARITY_CALC
COMPOUND_SIMILARITY_00065,StructuralSimilarity,COMPOUND_00183,COMPOUND_00181,0.364,0.505,0.69,FCFP6,similar,0.709,0.821,SIMILARITY_CALC
COMPOUND_SIMILARITY_00066,StructuralSimilarity,COMPOUND_00139,COMPOUND_00136,0.442,0.753,0.619,ECFP4,same,0.639,0.762,SIMILARITY_CALC
COMPOUND_SIMILARITY_00067,StructuralSimilarity,COMPOUND_00274,COMPOUND_00109,0.487,0.833,0.566,FCFP6,same,0.537,0.78,SIMILARITY_CALC
COMPOUND_SIMILARITY_00068,StructuralSimilarity,COMPOUND_00048,COMPOUND_00050,0.448,0.396,0.791,MACCS,similar,0.638,0.963,SIMILARITY_CALC
COMPOUND_SIMILARITY_00069,StructuralSimilarity,COMPOUND_00050,COMPOUND_00131,0.517,0.75,0.706,RDKit,similar,0.58,0.944,SIMILARITY_CALC
COMPOUND_SIMILARITY_00070,StructuralSimilarity,COMPOUND_00114,COMPOUND_00249,0.387,0.511,0.779,FCFP6,same,0.609,0.902,SIMILARITY_CALC
COMPOUND_SIMILARITY_00071,StructuralSimilarity,COMPOUND_00024,COMPOUND_00248,0.423,0.635,0.445,ECFP4,similar,0.495,0.863,SIMILARITY_CALC
COMPOUND_SIMILARITY_00072,StructuralSimilarity,COMPOUND_00035,COMPOUND_00234,0.405,0.576,0.438,ECFP4,different,0.402,0.89,SIMILARITY_CALC
COMPOUND_SIMILARITY_00073,StructuralSimilarity,COMPOUND_00041,COMPOUND_00076,0.683,0.492,0.716,RDKit,different,0.228,0.958,SIMILARITY_CALC
COMPOUND_SIMILARITY_00074,StructuralSimilarity,COMPOUND_00193,COMPOUND_00228,0.567,0.609,0.731,MACCS,different,0.402,0.849,SIMILARITY_CALC
COMPOUND_SIMILARITY_00075,StructuralSimilarity,COMPOUND_00092,COMPOUND_00087,0.879,0.9,0.691,ECFP4,similar,0.849,0.841,SIMILARITY_CALC
COMPOUND_SIMILARITY_00076,StructuralSimilarity,COMPOUND_00002,COMPOUND_00237,0.806,0.668,0.747,FCFP6,similar,0.751,0.801,SIMILARITY_CALC
COMPOUND_SIMILARITY_00077,StructuralSimilarity,COMPOUND_00266,COMPOUND_00164,0.464,0.63,0.458,ECFP4,similar,0.705,0.77,SIMILARITY_CALC
COMPOUND_SIMILARITY_00078,StructuralSimilarity,COMPOUND_00118,COMPOUND_00292,0.898,0.625,0.34,ECFP4,different,0.266,0.879,SIMILARITY_CALC
COMPOUND_SIMILARITY_00079,StructuralSimilarity,COMPOUND_00030,COMPOUND_00079,0.946,0.585,0.628,ECFP4,different,0.577,0.92,SIMILARITY_CALC
COMPOUND_SIMILARITY_00080,StructuralSimilarity,COMPOUND_00120,COMPOUND_00052,0.501,0.309,0.484,MACCS,similar,0.684,0.819,SIMILARITY_CALC
COMPOUND_SIMILARITY_00081,StructuralSimilarity,COMPOUND_00075,COMPOUND_00290,0.586,0.652,0.949,ECFP4,similar,0.865,0.975,SIMILARITY_CALC
COMPOUND_SIMILARITY_00083,StructuralSimilarity,COMPOUND_00280,COMPOUND_00119,0.383,0.63,0.823,RDKit,same,0.762,0.771,SIMILARITY_CALC
COMPOUND_SIMILARITY_00084,StructuralSimilarity,COMPOUND_00226,COMPOUND_00261,0.692,0.884,0.826,RDKit,similar,0.294,0.774,SIMILARITY_CALC
COMPOUND_SIMILARITY_00085,StructuralSimilarity,COMPOUND_00130,COMPOUND_00129,0.554,0.38,0.929,ECFP4,similar,0.805,0.862,SIMILARITY_CALC
COMPOUND_SIMILARITY_00086,StructuralSimilarity,COMPOUND_00144,COMPOUND_00173,0.514,0.413,0.351,FCFP6,same,0.764,0.953,SIMILARITY_CALC
COMPOUND_SIMILARITY_00087,StructuralSimilarity,COMPOUND_00198,COMPOUND_00074,0.425,0.349,0.605,FCFP6,different,0.228,0.752,SIMILARITY_CALC
COMPOUND_SIMILARITY_00088,StructuralSimilarity,COMPOUND_00115,COMPOUND_00116,0.927,0.891,0.439,FCFP6,similar,0.559,0.828,SIMILARITY_CALC
COMPOUND_SIMILARITY_00089,StructuralSimilarity,COMPOUND_00202,COMPOUND_00228,0.732,0.911,0.495,MACCS,different,0.843,0.857,SIMILARITY_CALC
COMPOUND_SIMILARITY_00090,StructuralSimilarity,COMPOUND_00029,COMPOUND_00200,0.687,0.619,0.644,MACCS,different,0.663,0.808,SIMILARITY_CALC
COMPOUND_SIMILARITY_00091,StructuralSimilarity,COMPOUND_00013,COMPOUND_00096,0.486,0.689,0.542,FCFP6,similar,0.276,0.889,SIMILARITY_CALC
COMPOUND_SIMILARITY_00092,StructuralSimilarity,COMPOUND_00021,COMPOUND_00188,0.377,0.457,0.867,FCFP6,different,0.241,0.975,SIMILARITY_CALC
COMPOUND_SIMILARITY_00093,StructuralSimilarity,COMPOUND_00268,COMPOUND_00142,0.786,0.587,0.588,ECFP4,different,0.225,0.796,SIMILARITY_CALC
COMPOUND_SIMILARITY_00094,StructuralSimilarity,COMPOUND_00142,COMPOUND_00276,0.601,0.849,0.694,ECFP4,different,0.443,0.755,SIMILARITY_CALC
COMPOUND_SIMILARITY_00095,StructuralSimilarity,COMPOUND_00021,COMPOUND_00073,0.623,0.853,0.323,ECFP4,different,0.855,0.795,SIMILARITY_CALC
COMPOUND_SIMILARITY_00096,StructuralSimilarity,COMPOUND_00080,COMPOUND_00205,0.877,0.729,0.617,MACCS,different,0.305,0.83,SIMILARITY_CALC
COMPOUND_SIMILARITY_00097,StructuralSimilarity,COMPOUND_00227,COMPOUND_00050,0.529,0.851,0.482,MACCS,similar,0.637,0.832,SIMILARITY_CALC
COMPOUND_SIMILARITY_00098,StructuralSimilarity,COMPOUND_00299,COMPOUND_00235,0.371,0.435,0.894,FCFP6,similar,0.237,0.898,SIMILARITY_CALC
COMPOUND_SIMILARITY_00099,StructuralSimilarity,COMPOUND_00094,COMPOUND_00019,0.71,0.37,0.365,MACCS,same,0.606,0.78,SIMILARITY_CALC
COMPOUND_SIMILARITY_00100,StructuralSimilarity,COMPOUND_00140,COMPOUND_00229,0.662,0.396,0.805,FCFP6,similar,0.455,0.886,SIMILARITY_CALC
COMPOUND_SIMILARITY_00101,StructuralSimilarity,COMPOUND_00256,COMPOUND_00104,0.35,0.398,0.368,ECFP4,different,0.847,0.761,SIMILARITY_CALC
COMPOUND_SIMILARITY_00102,StructuralSimilarity,COMPOUND_00262,COMPOUND_00159,0.915,0.316,0.89,FCFP6,similar,0.566,0.792,SIMILARITY_CALC
COMPOUND_SIMILARITY_00103,StructuralSimilarity,COMPOUND_00180,COMPOUND_00286,0.673,0.909,0.903,ECFP4,different,0.721,0.864,SIMILARITY_CALC
COMPOUND_SIMILARITY_00104,StructuralSimilarity,COMPOUND_00086,COMPOUND_00044,0.459,0.418,0.759,RDKit,same,0.869,0.943,SIMILARITY_CALC
COMPOUND_SIMILARITY_00105,StructuralSimilarity,COMPOUND_00114,COMPOUND_00057,0.308,0.305,0.344,RDKit,different,0.587,0.941,SIMILARITY_CALC
COMPOUND_SIMILARITY_00106,StructuralSimilarity,COMPOUND_00280,COMPOUND_00106,0.86,0.405,0.633,RDKit,same,0.492,0.862,SIMILARITY_CALC
COMPOUND_SIMILARITY_00107,StructuralSimilarity,COMPOUND_00143,COMPOUND_00042,0.59,0.589,0.314,MACCS,same,0.341,0.978,SIMILARITY_CALC
COMPOUND_SIMILARITY_00108,StructuralSimilarity,COMPOUND_00226,COMPOUND_00165,0.805,0.385,0.378,RDKit,different,0.807,0.963,SIMILARITY_CALC
COMPOUND_SIMILARITY_00109,StructuralSimilarity,COMPOUND_00228,COMPOUND_00296,0.675,0.391,0.574,ECFP4,same,0.9,0.975,SIMILARITY_CALC
COMPOUND_SIMILARITY_00110,StructuralSimilarity,COMPOUND_00118,COMPOUND_00155,0.68,0.395,0.779,FCFP6,same,0.255,0.878,SIMILARITY_CALC
COMPOUND_SIMILARITY_00111,StructuralSimilarity,COMPOUND_00103,COMPOUND_00091,0.571,0.689,0.537,MACCS,similar,0.593,0.955,SIMILARITY_CALC
COMPOUND_SIMILARITY_00112,StructuralSimilarity,COMPOUND_00175,COMPOUND_00267,0.857,0.381,0.473,ECFP4,different,0.631,0.946,SIMILARITY_CALC
COMPOUND_SIMILARITY_00113,StructuralSimilarity,COMPOUND_00285,COMPOUND_00026,0.511,0.772,0.927,MACCS,different,0.538,0.831,SIMILARITY_CALC
COMPOUND_SIMILARITY_00114,StructuralSimilarity,COMPOUND_00250,COMPOUND_00049,0.543,0.9,0.848,ECFP4,similar,0.468,0.973,SIMILARITY_CALC
COMPOUND_SIMILARITY_00115,StructuralSimilarity,COMPOUND_00084,COMPOUND_00035,0.408,0.454,0.597,ECFP4,same,0.557,0.92,SIMILARITY_CALC
COMPOUND_SIMILARITY_00116,StructuralSimilarity,COMPOUND_00002,COMPOUND_00046,0.517,0.547,0.631,ECFP4,same,0.457,0.886,SIMILARITY_CALC
COMPOUND_SIMILARITY_00117,StructuralSimilarity,COMPOUND_00061,COMPOUND_00170,0.348,0.521,0.737,ECFP4,similar,0.21,0.921,SIMILARITY_CALC
COMPOUND_SIMILARITY_00118,StructuralSimilarity,COMPOUND_00159,COMPOUND_00142,0.589,0.606,0.436,FCFP6,different,0.51,0.754,SIMILARITY_CALC
COMPOUND_SIMILARITY_00119,StructuralSimilarity,COMPOUND_00222,COMPOUND_00080,0.504,0.632,0.836,RDKit,similar,0.221,0.782,SIMILARITY_CALC
COMPOUND_SIMILARITY_00120,StructuralSimilarity,COMPOUND_00152,COMPOUND_00072,0.593,0.318,0.823,MACCS,different,0.807,0.953,SIMILARITY_CALC
COMPOUND_SIMILARITY_00121,StructuralSimilarity,COMPOUND_00242,COMPOUND_00041,0.314,0.913,0.735,MACCS,similar,0.243,0.811,SIMILARITY_CALC
COMPOUND_SIMILARITY_00122,StructuralSimilarity,COMPOUND_00187,COMPOUND_00298,0.42,0.665,0.615,MACCS,similar,0.226,0.854,SIMILARITY_CALC
COMPOUND_SIMILARITY_00123,StructuralSimilarity,COMPOUND_00271,COMPOUND_00260,0.798,0.492,0.653,RDKit,similar,0.432,0.838,SIMILARITY_CALC
COMPOUND_SIMILARITY_00124,StructuralSimilarity,COMPOUND_00202,COMPOUND_00214,0.669,0.398,0.717,ECFP4,same,0.582,0.924,SIMILARITY_CALC
COMPOUND_SIMILARITY_00125,StructuralSimilarity,COMPOUND_00103,COMPOUND_00284,0.52,0.853,0.499,FCFP6,same,0.488,0.771,SIMILARITY_CALC
COMPOUND_SIMILARITY_00126,StructuralSimilarity,COMPOUND_00284,COMPOUND_00213,0.71,0.366,0.435,MACCS,same,0.4,0.939,SIMILARITY_CALC
COMPOUND_SIMILARITY_00127,StructuralSimilarity,COMPOUND_00284,COMPOUND_00167,0.788,0.881,0.368,RDKit,same,0.772,0.814,SIMILARITY_CALC
COMPOUND_SIMILARITY_00128,StructuralSimilarity,COMPOUND_00094,COMPOUND_00073,0.676,0.635,0.539,FCFP6,different,0.415,0.783,SIMILARITY_CALC
COMPOUND_SIMILARITY_00129,StructuralSimilarity,COMPOUND_00108,COMPOUND_00153,0.598,0.622,0.369,MACCS,similar,0.584,0.77,SIMILARITY_CALC
COMPOUND_SIMILARITY_00130,StructuralSimilarity,COMPOUND_00037,COMPOUND_00033,0.847,0.787,0.526,RDKit,same,0.607,0.776,SIMILARITY_CALC
COMPOUND_SIMILARITY_00131,StructuralSimilarity,COMPOUND_00155,COMPOUND_00211,0.674,0.315,0.357,RDKit,different,0.306,0.951,SIMILARITY_CALC
COMPOUND_SIMILARITY_00132,StructuralSimilarity,COMPOUND_00260,COMPOUND_00030,0.786,0.61,0.301,RDKit,same,0.638,0.973,SIMILARITY_CALC
COMPOUND_SIMILARITY_00133,StructuralSimilarity,COMPOUND_00106,COMPOUND_00198,0.703,0.411,0.823,RDKit,same,0.819,0.829,SIMILARITY_CALC
COMPOUND_SIMILARITY_00134,StructuralSimilarity,COMPOUND_00198,COMPOUND_00084,0.604,0.736,0.436,RDKit,similar,0.814,0.954,SIMILARITY_CALC
COMPOUND_SIMILARITY_00135,StructuralSimilarity,COMPOUND_00266,COMPOUND_00102,0.794,0.877,0.326,ECFP4,same,0.87,0.967,SIMILARITY_CALC
COMPOUND_SIMILARITY_00136,StructuralSimilarity,COMPOUND_00131,COMPOUND_00074,0.515,0.533,0.586,FCFP6,different,0.759,0.835,SIMILARITY_CALC
COMPOUND_SIMILARITY_00137,StructuralSimilarity,COMPOUND_00254,COMPOUND_00209,0.567,0.618,0.414,FCFP6,similar,0.544,0.975,SIMILARITY_CALC
COMPOUND_SIMILARITY_00138,StructuralSimilarity,COMPOUND_00016,COMPOUND_00034,0.403,0.809,0.458,RDKit,same,0.622,0.774,SIMILARITY_CALC
COMPOUND_SIMILARITY_00139,StructuralSimilarity,COMPOUND_00171,COMPOUND_00005,0.616,0.562,0.867,ECFP4,different,0.486,0.841,SIMILARITY_CALC
COMPOUND_SIMILARITY_00140,StructuralSimilarity,COMPOUND_00246,COMPOUND_00048,0.925,0.537,0.644,RDKit,same,0.598,0.835,SIMILARITY_CALC
COMPOUND_SIMILARITY_00141,StructuralSimilarity,COMPOUND_00057,COMPOUND_00255,0.319,0.434,0.675,FCFP6,same,0.804,0.8,SIMILARITY_CALC
COMPOUND_SIMILARITY_00142,StructuralSimilarity,COMPOUND_00116,COMPOUND_00014,0.347,0.928,0.582,MACCS,similar,0.683,0.783,SIMILARITY_CALC
COMPOUND_SIMILARITY_00143,StructuralSimilarity,COMPOUND_00191,COMPOUND_00059,0.702,0.592,0.87,ECFP4,similar,0.253,0.953,SIMILARITY_CALC
COMPOUND_SIMILARITY_00144,StructuralSimilarity,COMPOUND_00012,COMPOUND_00100,0.301,0.816,0.722,ECFP4,different,0.238,0.84,SIMILARITY_CALC
COMPOUND_SIMILARITY_00145,StructuralSimilarity,COMPOUND_00289,COMPOUND_00083,0.645,0.475,0.85,MACCS,similar,0.247,0.896,SIMILARITY_CALC
COMPOUND_SIMILARITY_00146,StructuralSimilarity,COMPOUND_00026,COMPOUND_00153,0.885,0.849,0.46,RDKit,similar,0.867,0.956,SIMILARITY_CALC
COMPOUND_SIMILARITY_00147,StructuralSimilarity,COMPOUND_00231,COMPOUND_00175,0.458,0.469,0.649,RDKit,different,0.882,0.905,SIMILARITY_CALC
COMPOUND_SIMILARITY_00148,StructuralSimilarity,COMPOUND_00183,COMPOUND_00033,0.803,0.317,0.348,RDKit,different,0.762,0.767,SIMILARITY_CALC
COMPOUND_SIMILARITY_00149,StructuralSimilarity,COMPOUND_00296,COMPOUND_00037,0.739,0.676,0.779,ECFP4,similar,0.6,0.893,SIMILARITY_CALC
COMPOUND_SIMILARITY_00150,StructuralSimilarity,COMPOUND_00056,COMPOUND_00116,0.316,0.6,0.722,ECFP4,different,0.572,0.943,SIMILARITY_CALC
COMPOUND_SIMILARITY_00151,StructuralSimilarity,COMPOUND_00247,COMPOUND_00229,0.626,0.812,0.845,RDKit,similar,0.42,0.83,SIMILARITY_CALC
COMPOUND_SIMILARITY_00152,StructuralSimilarity,COMPOUND_00111,COMPOUND_00146,0.729,0.636,0.757,RDKit,same,0.802,0.932,SIMILARITY_CALC
COMPOUND_SIMILARITY_00153,StructuralSimilarity,COMPOUND_00039,COMPOUND_00063,0.526,0.739,0.387,ECFP4,different,0.453,0.971,SIMILARITY_CALC
COMPOUND_SIMILARITY_00154,StructuralSimilarity,COMPOUND_00274,COMPOUND_00061,0.749,0.595,0.865,ECFP4,similar,0.83,0.964,SIMILARITY_CALC
COMPOUND_SIMILARITY_00155,StructuralSimilarity,COMPOUND_00147,COMPOUND_00211,0.34,0.924,0.865,RDKit,similar,0.566,0.96,SIMILARITY_CALC
COMPOUND_SIMILARITY_00156,StructuralSimilarity,COMPOUND_00294,COMPOUND_00085,0.652,0.949,0.43,MACCS,same,0.456,0.906,SIMILARITY_CALC
COMPOUND_SIMILARITY_00157,StructuralSimilarity,COMPOUND_00155,COMPOUND_00229,0.474,0.92,0.568,MACCS,different,0.242,0.947,SIMILARITY_CALC
COMPOUND_SIMILARITY_00158,StructuralSimilarity,COMPOUND_00036,COMPOUND_00188,0.817,0.578,0.946,MACCS,different,0.749,0.939,SIMILARITY_CALC
COMPOUND_SIMILARITY_00159,StructuralSimilarity,COMPOUND_00252,COMPOUND_00110,0.931,0.89,0.59,RDKit,similar,0.748,0.8,SIMILARITY_CALC
COMPOUND_SIMILARITY_00160,StructuralSimilarity,COMPOUND_00252,COMPOUND_00272,0.888,0.714,0.854,MACCS,same,0.436,0.888,SIMILARITY_CALC
COMPOUND_SIMILARITY_00161,StructuralSimilarity,COMPOUND_00254,COMPOUND_00031,0.806,0.883,0.881,FCFP6,same,0.878,0.979,SIMILARITY_CALC
COMPOUND_SIMILARITY_00162,StructuralSimilarity,COMPOUND_00172,COMPOUND_00147,0.584,0.594,0.853,FCFP6,same,0.267,0.949,SIMILARITY_CALC
COMPOUND_SIMILARITY_00163,StructuralSimilarity,COMPOUND_00147,COMPOUND_00181,0.511,0.823,0.502,ECFP4,different,0.615,0.913,SIMILARITY_CALC
COMPOUND_SIMILARITY_00164,StructuralSimilarity,COMPOUND_00256,COMPOUND_00120,0.715,0.615,0.306,FCFP6,different,0.696,0.888,SIMILARITY_CALC
COMPOUND_SIMILARITY_00165,StructuralSimilarity,COMPOUND_00075,COMPOUND_00082,0.524,0.354,0.312,ECFP4,same,0.859,0.821,SIMILARITY_CALC
COMPOUND_SIMILARITY_00166,StructuralSimilarity,COMPOUND_00235,COMPOUND_00003,0.645,0.943,0.628,FCFP6,different,0.731,0.83,SIMILARITY_CALC
COMPOUND_SIMILARITY_00167,StructuralSimilarity,COMPOUND_00281,COMPOUND_00239,0.741,0.783,0.373,ECFP4,same,0.405,0.965,SIMILARITY_CALC
COMPOUND_SIMILARITY_00168,StructuralSimilarity,COMPOUND_00076,COMPOUND_00049,0.43,0.885,0.563,MACCS,same,0.696,0.961,SIMILARITY_CALC
COMPOUND_SIMILARITY_00169,StructuralSimilarity,COMPOUND_00216,COMPOUND_00048,0.642,0.527,0.696,MACCS,same,0.861,0.957,SIMILARITY_CALC
COMPOUND_SIMILARITY_00170,StructuralSimilarity,COMPOUND_00222,COMPOUND_00078,0.363,0.873,0.492,MACCS,similar,0.225,0.963,SIMILARITY_CALC
COMPOUND_SIMILARITY_00171,StructuralSimilarity,COMPOUND_00298,COMPOUND_00105,0.878,0.935,0.758,MACCS,different,0.274,0.802,SIMILARITY_CALC
COMPOUND_SIMILARITY_00172,StructuralSimilarity,COMPOUND_00060,COMPOUND_00297,0.85,0.767,0.927,MACCS,similar,0.46,0.925,SIMILARITY_CALC
COMPOUND_SIMILARITY_00173,StructuralSimilarity,COMPOUND_00071,COMPOUND_00168,0.437,0.411,0.685,ECFP4,similar,0.672,0.882,SIMILARITY_CALC
COMPOUND_SIMILARITY_00174,StructuralSimilarity,COMPOUND_00230,COMPOUND_00232,0.349,0.682,0.768,FCFP6,same,0.251,0.862,SIMILARITY_CALC
COMPOUND_SIMILARITY_00175,StructuralSimilarity,COMPOUND_00293,COMPOUND_00156,0.472,0.861,0.765,ECFP4,same,0.584,0.914,SIMILARITY_CALC
COMPOUND_SIMILARITY_00176,StructuralSimilarity,COMPOUND_00081,COMPOUND_00273,0.687,0.917,0.596,FCFP6,different,0.278,0.879,SIMILARITY_CALC
COMPOUND_SIMILARITY_00177,StructuralSimilarity,COMPOUND_00159,COMPOUND_00001,0.505,0.769,0.697,ECFP4,same,0.267,0.754,SIMILARITY_CALC
COMPOUND_SIMILARITY_00178,StructuralSimilarity,COMPOUND_00183,COMPOUND_00284,0.519,0.486,0.797,RDKit,same,0.341,0.889,SIMILARITY_CALC
COMPOUND_SIMILARITY_00179,StructuralSimilarity,COMPOUND_00104,COMPOUND_00123,0.863,0.671,0.414,ECFP4,same,0.599,0.842,SIMILARITY_CALC
COMPOUND_SIMILARITY_00180,StructuralSimilarity,COMPOUND_00062,COMPOUND_00039,0.347,0.778,0.723,RDKit,different,0.538,0.95,SIMILARITY_CALC
COMPOUND_SIMILARITY_00181,StructuralSimilarity,COMPOUND_00042,COMPOUND_00129,0.406,0.604,0.929,MACCS,same,0.409,0.783,SIMILARITY_CALC
COMPOUND_SIMILARITY_00182,StructuralSimilarity,COMPOUND_00151,COMPOUND_00243,0.817,0.707,0.586,RDKit,same,0.498,0.938,SIMILARITY_CALC
COMPOUND_SIMILARITY_00183,StructuralSimilarity,COMPOUND_00249,COMPOUND_00136,0.916,0.5,0.891,ECFP4,different,0.345,0.877,SIMILARITY_CALC
COMPOUND_SIMILARITY_00184,StructuralSimilarity,COMPOUND_00183,COMPOUND_00042,0.539,0.611,0.48,ECFP4,same,0.71,0.933,SIMILARITY_CALC
COMPOUND_SIMILARITY_00185,StructuralSimilarity,COMPOUND_00039,COMPOUND_00186,0.392,0.935,0.63,ECFP4,similar,0.78,0.753,SIMILARITY_CALC
COMPOUND_SIMILARITY_00186,StructuralSimilarity,COMPOUND_00110,COMPOUND_00199,0.322,0.809,0.853,ECFP4,different,0.485,0.937,SIMILARITY_CALC
COMPOUND_SIMILARITY_00187,StructuralSimilarity,COMPOUND_00260,COMPOUND_00099,0.773,0.842,0.481,ECFP4,different,0.666,0.904,SIMILARITY_CALC
COMPOUND_SIMILARITY_00188,StructuralSimilarity,COMPOUND_00235,COMPOUND_00150,0.467,0.93,0.945,ECFP4,same,0.292,0.969,SIMILARITY_CALC
COMPOUND_SIMILARITY_00189,StructuralSimilarity,COMPOUND_00193,COMPOUND_00294,0.441,0.366,0.335,MACCS,same,0.695,0.924,SIMILARITY_CALC
COMPOUND_SIMILARITY_00190,StructuralSimilarity,COMPOUND_00239,COMPOUND_00263,0.576,0.353,0.759,ECFP4,similar,0.207,0.837,SIMILARITY_CALC
COMPOUND_SIMILARITY_00191,StructuralSimilarity,COMPOUND_00282,COMPOUND_00035,0.533,0.548,0.411,MACCS,same,0.524,0.976,SIMILARITY_CALC
COMPOUND_SIMILARITY_00192,StructuralSimilarity,COMPOUND_00144,COMPOUND_00119,0.499,0.324,0.632,FCFP6,different,0.288,0.968,SIMILARITY_CALC
COMPOUND_SIMILARITY_00193,StructuralSimilarity,COMPOUND_00208,COMPOUND_00194,0.536,0.691,0.585,FCFP6,similar,0.343,0.827,SIMILARITY_CALC
COMPOUND_SIMILARITY_00194,StructuralSimilarity,COMPOUND_00031,COMPOUND_00106,0.868,0.888,0.87,RDKit,similar,0.712,0.788,SIMILARITY_CALC
COMPOUND_SIMILARITY_00195,StructuralSimilarity,COMPOUND_00004,COMPOUND_00107,0.539,0.825,0.703,MACCS,same,0.228,0.786,SIMILARITY_CALC
COMPOUND_SIMILARITY_00196,StructuralSimilarity,COMPOUND_00034,COMPOUND_00241,0.944,0.482,0.348,ECFP4,same,0.303,0.903,SIMILARITY_CALC
COMPOUND_SIMILARITY_00197,StructuralSimilarity,COMPOUND_00157,COMPOUND_00150,0.838,0.451,0.82,FCFP6,similar,0.501,0.757,SIMILARITY_CALC
COMPOUND_SIMILARITY_00198,StructuralSimilarity,COMPOUND_00072,COMPOUND_00278,0.84,0.585,0.892,ECFP4,same,0.437,0.851,SIMILARITY_CALC
COMPOUND_SIMILARITY_00199,StructuralSimilarity,COMPOUND_00123,COMPOUND_00108,0.8,0.616,0.593,RDKit,different,0.614,0.811,SIMILARITY_CALC
COMPOUND_SIMILARITY_00200,StructuralSimilarity,COMPOUND_00111,COMPOUND_00146,0.841,0.7,0.946,MACCS,same,0.789,0.969,SIMILARITY_CALC
COMPOUND_SIMILARITY_00201,StructuralSimilarity,COMPOUND_00138,COMPOUND_00137,0.343,0.828,0.555,ECFP4,different,0.569,0.97,SIMILARITY_CALC
COMPOUND_SIMILARITY_00202,StructuralSimilarity,COMPOUND_00284,COMPOUND_00086,0.82,0.643,0.66,MACCS,different,0.612,0.938,SIMILARITY_CALC
COMPOUND_SIMILARITY_00203,StructuralSimilarity,COMPOUND_00055,COMPOUND_00105,0.838,0.876,0.886,MACCS,different,0.229,0.879,SIMILARITY_CALC
COMPOUND_SIMILARITY_00204,StructuralSimilarity,COMPOUND_00030,COMPOUND_00227,0.438,0.428,0.804,MACCS,similar,0.448,0.829,SIMILARITY_CALC
COMPOUND_SIMILARITY_00205,StructuralSimilarity,COMPOUND_00074,COMPOUND_00267,0.91,0.779,0.332,FCFP6,similar,0.373,0.752,SIMILARITY_CALC
COMPOUND_SIMILARITY_00206,StructuralSimilarity,COMPOUND_00223,COMPOUND_00156,0.836,0.395,0.526,ECFP4,different,0.627,0.972,SIMILARITY_CALC
COMPOUND_SIMILARITY_00207,StructuralSimilarity,COMPOUND_00044,COMPOUND_00080,0.932,0.846,0.3,RDKit,similar,0.511,0.778,SIMILARITY_CALC
COMPOUND_SIMILARITY_00208,StructuralSimilarity,COMPOUND_00108,COMPOUND_00079,0.445,0.589,0.946,RDKit,different,0.693,0.766,SIMILARITY_CALC
COMPOUND_SIMILARITY_00209,StructuralSimilarity,COMPOUND_00044,COMPOUND_00270,0.704,0.752,0.47,ECFP4,different,0.863,0.799,SIMILARITY_CALC
COMPOUND_SIMILARITY_00210,StructuralSimilarity,COMPOUND_00202,COMPOUND_00122,0.319,0.629,0.388,ECFP4,different,0.777,0.823,SIMILARITY_CALC
COMPOUND_SIMILARITY_00211,StructuralSimilarity,COMPOUND_00241,COMPOUND_00058,0.838,0.641,0.578,RDKit,similar,0.808,0.814,SIMILARITY_CALC
COMPOUND_SIMILARITY_00212,StructuralSimilarity,COMPOUND_00057,COMPOUND_00064,0.667,0.588,0.66,FCFP6,same,0.898,0.852,SIMILARITY_CALC
COMPOUND_SIMILARITY_00213,StructuralSimilarity,COMPOUND_00111,COMPOUND_00098,0.593,0.399,0.398,MACCS,same,0.793,0.817,SIMILARITY_CALC
COMPOUND_SIMILARITY_00214,StructuralSimilarity,COMPOUND_00204,COMPOUND_00282,0.794,0.322,0.401,RDKit,similar,0.555,0.892,SIMILARITY_CALC
COMPOUND_SIMILARITY_00215,StructuralSimilarity,COMPOUND_00201,COMPOUND_00082,0.666,0.765,0.741,FCFP6,same,0.79,0.839,SIMILARITY_CALC
COMPOUND_SIMILARITY_00216,StructuralSimilarity,COMPOUND_00045,COMPOUND_00287,0.785,0.731,0.325,RDKit,similar,0.801,0.938,SIMILARITY_CALC
COMPOUND_SIMILARITY_00217,StructuralSimilarity,COMPOUND_00193,COMPOUND_00045,0.631,0.589,0.669,MACCS,same,0.433,0.872,SIMILARITY_CALC
COMPOUND_SIMILARITY_00218,StructuralSimilarity,COMPOUND_00122,COMPOUND_00014,0.845,0.606,0.654,ECFP4,same,0.354,0.93,SIMILARITY_CALC
COMPOUND_SIMILARITY_00219,StructuralSimilarity,COMPOUND_00020,COMPOUND_00235,0.943,0.324,0.678,RDKit,similar,0.78,0.886,SIMILARITY_CALC
COMPOUND_SIMILARITY_00220,StructuralSimilarity,COMPOUND_00039,COMPOUND_00223,0.81,0.502,0.925,FCFP6,same,0.264,0.977,SIMILARITY_CALC
COMPOUND_SIMILARITY_00221,StructuralSimilarity,COMPOUND_00032,COMPOUND_00001,0.636,0.389,0.692,ECFP4,same,0.525,0.939,SIMILARITY_CALC
COMPOUND_SIMILARITY_00222,StructuralSimilarity,COMPOUND_00092,COMPOUND_00222,0.477,0.517,0.48,RDKit,different,0.507,0.887,SIMILARITY_CALC
COMPOUND_SIMILARITY_00223,StructuralSimilarity,COMPOUND_00134,COMPOUND_00054,0.517,0.369,0.746,MACCS,similar,0.42,0.882,SIMILARITY_CALC
COMPOUND_SIMILARITY_00224,StructuralSimilarity,COMPOUND_00138,COMPOUND_00086,0.337,0.74,0.391,ECFP4,different,0.517,0.936,SIMILARITY_CALC
COMPOUND_SIMILARITY_00225,StructuralSimilarity,COMPOUND_00025,COMPOUND_00075,0.587,0.39,0.627,FCFP6,different,0.825,0.755,SIMILARITY_CALC
COMPOUND_SIMILARITY_00226,StructuralSimilarity,COMPOUND_00229,COMPOUND_00091,0.859,0.601,0.535,MACCS,similar,0.698,0.843,SIMILARITY_CALC
COMPOUND_SIMILARITY_00227,StructuralSimilarity,COMPOUND_00109,COMPOUND_00282,0.323,0.779,0.505,FCFP6,same,0.383,0.758,SIMILARITY_CALC
COMPOUND_SIMILARITY_00228,StructuralSimilarity,COMPOUND_00035,COMPOUND_00156,0.737,0.886,0.614,ECFP4,similar,0.302,0.949,SIMILARITY_CALC
COMPOUND_SIMILARITY_00229,StructuralSimilarity,COMPOUND_00172,COMPOUND_00035,0.865,0.494,0.365,FCFP6,same,0.889,0.882,SIMILARITY_CALC
COMPOUND_SIMILARITY_00230,StructuralSimilarity,COMPOUND_00017,COMPOUND_00003,0.593,0.556,0.615,RDKit,same,0.852,0.922,SIMILARITY_CALC
COMPOUND_SIMILARITY_00231,StructuralSimilarity,COMPOUND_00186,COMPOUND_00234,0.839,0.526,0.492,FCFP6,different,0.619,0.79,SIMILARITY_CALC
COMPOUND_SIMILARITY_00232,StructuralSimilarity,COMPOUND_00223,COMPOUND_00217,0.754,0.755,0.56,RDKit,different,0.781,0.978,SIMILARITY_CALC
COMPOUND_SIMILARITY_00233,StructuralSimilarity,COMPOUND_00112,COMPOUND_00296,0.334,0.45,0.328,FCFP6,different,0.45,0.794,SIMILARITY_CALC
COMPOUND_SIMILARITY_00234,StructuralSimilarity,COMPOUND_00251,COMPOUND_00119,0.615,0.866,0.752,MACCS,different,0.66,0.947,SIMILARITY_CALC
COMPOUND_SIMILARITY_00235,StructuralSimilarity,COMPOUND_00176,COMPOUND_00148,0.886,0.416,0.35,RDKit,similar,0.835,0.919,SIMILARITY_CALC
COMPOUND_SIMILARITY_00236,StructuralSimilarity,COMPOUND_00004,COMPOUND_00012,0.656,0.721,0.574,MACCS,different,0.314,0.842,SIMILARITY_CALC
COMPOUND_SIMILARITY_00237,StructuralSimilarity,COMPOUND_00076,COMPOUND_00033,0.826,0.481,0.553,ECFP4,different,0.662,0.829,SIMILARITY_CALC
COMPOUND_SIMILARITY_00238,StructuralSimilarity,COMPOUND_00104,COMPOUND_00236,0.872,0.4,0.832,FCFP6,different,0.707,0.799,SIMILARITY_CALC
COMPOUND_SIMILARITY_00239,StructuralSimilarity,COMPOUND_00016,COMPOUND_00061,0.443,0.52,0.945,ECFP4,same,0.359,0.859,SIMILARITY_CALC
COMPOUND_SIMILARITY_00240,StructuralSimilarity,COMPOUND_00041,COMPOUND_00298,0.311,0.406,0.368,MACCS,different,0.84,0.964,SIMILARITY_CALC
COMPOUND_SIMILARITY_00241,StructuralSimilarity,COMPOUND_00033,COMPOUND_00290,0.439,0.819,0.648,MACCS,same,0.207,0.847,SIMILARITY_CALC
COMPOUND_SIMILARITY_00242,StructuralSimilarity,COMPOUND_00134,COMPOUND_00102,0.713,0.33,0.315,ECFP4,same,0.785,0.777,SIMILARITY_CALC
COMPOUND_SIMILARITY_00243,StructuralSimilarity,COMPOUND_00271,COMPOUND_00100,0.456,0.429,0.334,RDKit,different,0.34,0.901,SIMILARITY_CALC
COMPOUND_SIMILARITY_00244,StructuralSimilarity,COMPOUND_00085,COMPOUND_00278,0.593,0.4,0.873,ECFP4,similar,0.562,0.895,SIMILARITY_CALC
COMPOUND_SIMILARITY_00245,StructuralSimilarity,COMPOUND_00218,COMPOUND_00164,0.431,0.501,0.386,RDKit,different,0.71,0.815,SIMILARITY_CALC
COMPOUND_SIMILARITY_00246,StructuralSimilarity,COMPOUND_00247,COMPOUND_00159,0.795,0.935,0.548,ECFP4,different,0.378,0.811,SIMILARITY_CALC
COMPOUND_SIMILARITY_00247,StructuralSimilarity,COMPOUND_00222,COMPOUND_00300,0.506,0.376,0.515,FCFP6,similar,0.799,0.942,SIMILARITY_CALC
COMPOUND_SIMILARITY_00248,StructuralSimilarity,COMPOUND_00191,COMPOUND_00140,0.465,0.662,0.67,MACCS,similar,0.406,0.861,SIMILARITY_CALC
COMPOUND_SIMILARITY_00249,StructuralSimilarity,COMPOUND_00131,COMPOUND_00002,0.658,0.442,0.337,ECFP4,different,0.364,0.91,SIMILARITY_CALC
COMPOUND_SIMILARITY_00250,StructuralSimilarity,COMPOUND_00172,COMPOUND_00106,0.521,0.77,0.567,MACCS,different,0.246,0.777,SIMILARITY_CALC
COMPOUND_SIMILARITY_00251,StructuralSimilarity,COMPOUND_00198,COMPOUND_00211,0.655,0.727,0.792,FCFP6,same,0.798,0.794,SIMILARITY_CALC
COMPOUND_SIMILARITY_00252,StructuralSimilarity,COMPOUND_00152,COMPOUND_00276,0.73,0.721,0.619,RDKit,same,0.36,0.912,SIMILARITY_CALC
COMPOUND_SIMILARITY_00253,StructuralSimilarity,COMPOUND_00205,COMPOUND_00078,0.305,0.5,0.776,MACCS,different,0.203,0.827,SIMILARITY_CALC
COMPOUND_SIMILARITY_00254,StructuralSimilarity,COMPOUND_00286,COMPOUND_00104,0.831,0.938,0.757,ECFP4,same,0.856,0.921,SIMILARITY_CALC
COMPOUND_SIMILARITY_00255,StructuralSimilarity,COMPOUND_00139,COMPOUND_00184,0.443,0.701,0.938,MACCS,similar,0.805,0.93,SIMILARITY_CALC
COMPOUND_SIMILARITY_00256,StructuralSimilarity,COMPOUND_00092,COMPOUND_00276,0.847,0.788,0.82,ECFP4,same,0.251,0.963,SIMILARITY_CALC
COMPOUND_SIMILARITY_00257,StructuralSimilarity,COMPOUND_00158,COMPOUND_00125,0.873,0.812,0.321,MACCS,same,0.835,0.794,SIMILARITY_CALC
COMPOUND_SIMILARITY_00258,StructuralSimilarity,COMPOUND_00057,COMPOUND_00227,0.927,0.808,0.786,ECFP4,different,0.318,0.78,SIMILARITY_CALC
COMPOUND_SIMILARITY_00259,StructuralSimilarity,COMPOUND_00151,COMPOUND_00161,0.728,0.753,0.823,RDKit,different,0.249,0.861,SIMILARITY_CALC
COMPOUND_SIMILARITY_00260,StructuralSimilarity,COMPOUND_00214,COMPOUND_00086,0.646,0.693,0.377,MACCS,same,0.316,0.789,SIMILARITY_CALC
COMPOUND_SIMILARITY_00261,StructuralSimilarity,COMPOUND_00168,COMPOUND_00295,0.599,0.421,0.344,ECFP4,different,0.208,0.9,SIMILARITY_CALC
COMPOUND_SIMILARITY_00262,StructuralSimilarity,COMPOUND_00292,COMPOUND_00023,0.389,0.557,0.583,MACCS,similar,0.356,0.775,SIMILARITY_CALC
COMPOUND_SIMILARITY_00263,StructuralSimilarity,COMPOUND_00002,COMPOUND_00204,0.795,0.385,0.765,MACCS,different,0.41,0.824,SIMILARITY_CALC
COMPOUND_SIMILARITY_00264,StructuralSimilarity,COMPOUND_00145,COMPOUND_00269,0.947,0.388,0.69,FCFP6,same,0.305,0.817,SIMILARITY_CALC
COMPOUND_SIMILARITY_00265,StructuralSimilarity,COMPOUND_00178,COMPOUND_00221,0.354,0.669,0.568,ECFP4,same,0.21,0.94,SIMILARITY_CALC
COMPOUND_SIMILARITY_00266,StructuralSimilarity,COMPOUND_00128,COMPOUND_00280,0.477,0.934,0.779,ECFP4,similar,0.622,0.783,SIMILARITY_CALC
COMPOUND_SIMILARITY_00267,StructuralSimilarity,COMPOUND_00007,COMPOUND_00154,0.746,0.434,0.302,RDKit,different,0.852,0.963,SIMILARITY_CALC
COMPOUND_SIMILARITY_00268,StructuralSimilarity,COMPOUND_00009,COMPOUND_00049,0.873,0.928,0.626,RDKit,same,0.256,0.951,SIMILARITY_CALC
COMPOUND_SIMILARITY_00269,StructuralSimilarity,COMPOUND_00001,COMPOUND_00091,0.829,0.367,0.549,RDKit,different,0.687,0.758,SIMILARITY_CALC
COMPOUND_SIMILARITY_00270,StructuralSimilarity,COMPOUND_00120,COMPOUND_00292,0.841,0.459,0.784,RDKit,different,0.228,0.914,SIMILARITY_CALC
COMPOUND_SIMILARITY_00271,StructuralSimilarity,COMPOUND_00167,COMPOUND_00055,0.717,0.822,0.734,RDKit,similar,0.545,0.951,SIMILARITY_CALC
COMPOUND_SIMILARITY_00272,StructuralSimilarity,COMPOUND_00263,COMPOUND_00244,0.919,0.444,0.662,MACCS,different,0.343,0.819,SIMILARITY_CALC
COMPOUND_SIMILARITY_00273,StructuralSimilarity,COMPOUND_00102,COMPOUND_00195,0.696,0.665,0.605,MACCS,same,0.807,0.828,SIMILARITY_CALC
COMPOUND_SIMILARITY_00274,StructuralSimilarity,COMPOUND_00242,COMPOUND_00184,0.825,0.676,0.853,ECFP4,different,0.504,0.855,SIMILARITY_CALC
COMPOUND_SIMILARITY_00275,StructuralSimilarity,COMPOUND_00098,COMPOUND_00229,0.803,0.471,0.708,RDKit,different,0.547,0.83,SIMILARITY_CALC
COMPOUND_SIMILARITY_00276,StructuralSimilarity,COMPOUND_00191,COMPOUND_00167,0.608,0.945,0.42,ECFP4,different,0.797,0.828,SIMILARITY_CALC
COMPOUND_SIMILARITY_00277,StructuralSimilarity,COMPOUND_00020,COMPOUND_00082,0.937,0.651,0.394,MACCS,different,0.661,0.75,SIMILARITY_CALC
COMPOUND_SIMILARITY_00278,StructuralSimilarity,COMPOUND_00132,COMPOUND_00121,0.44,0.679,0.868,RDKit,different,0.585,0.853,SIMILARITY_CALC
COMPOUND_SIMILARITY_00279,StructuralSimilarity,COMPOUND_00119,COMPOUND_00172,0.419,0.382,0.746,MACCS,different,0.369,0.761,SIMILARITY_CALC
COMPOUND_SIMILARITY_00280,StructuralSimilarity,COMPOUND_00086,COMPOUND_00074,0.43,0.573,0.532,ECFP4,similar,0.765,0.764,SIMILARITY_CALC
COMPOUND_SIMILARITY_00281,StructuralSimilarity,COMPOUND_00246,COMPOUND_00036,0.861,0.613,0.909,MACCS,similar,0.835,0.871,SIMILARITY_CALC
COMPOUND_SIMILARITY_00282,StructuralSimilarity,COMPOUND_00039,COMPOUND_00036,0.571,0.83,0.614,MACCS,same,0.68,0.767,SIMILARITY_CALC
COMPOUND_SIMILARITY_00283,StructuralSimilarity,COMPOUND_00120,COMPOUND_00133,0.415,0.428,0.907,FCFP6,same,0.229,0.924,SIMILARITY_CALC
COMPOUND_SIMILARITY_00284,StructuralSimilarity,COMPOUND_00262,COMPOUND_00102,0.928,0.379,0.688,MACCS,similar,0.363,0.923,SIMILARITY_CALC
COMPOUND_SIMILARITY_00285,StructuralSimilarity,COMPOUND_00287,COMPOUND_00048,0.409,0.904,0.383,ECFP4,similar,0.286,0.789,SIMILARITY_CALC
COMPOUND_SIMILARITY_00286,StructuralSimilarity,COMPOUND_00249,COMPOUND_00247,0.69,0.948,0.467,FCFP6,different,0.741,0.789,SIMILARITY_CALC
COMPOUND_SIMILARITY_00287,StructuralSimilarity,COMPOUND_00162,COMPOUND_00148,0.554,0.846,0.429,FCFP6,similar,0.729,0.932,SIMILARITY_CALC
COMPOUND_SIMILARITY_00288,StructuralSimilarity,COMPOUND_00105,COMPOUND_00258,0.477,0.599,0.408,RDKit,same,0.251,0.926,SIMILARITY_CALC
COMPOUND_SIMILARITY_00289,StructuralSimilarity,COMPOUND_00079,COMPOUND_00246,0.415,0.629,0.364,RDKit,similar,0.531,0.855,SIMILARITY_CALC
COMPOUND_SIMILARITY_00290,StructuralSimilarity,COMPOUND_00229,COMPOUND_00066,0.652,0.545,0.56,ECFP4,different,0.761,0.928,SIMILARITY_CALC
COMPOUND_SIMILARITY_00291,StructuralSimilarity,COMPOUND_00275,COMPOUND_00187,0.624,0.408,0.648,ECFP4,different,0.776,0.822,SIMILARITY_CALC
COMPOUND_SIMILARITY_00292,StructuralSimilarity,COMPOUND_00019,COMPOUND_00141,0.838,0.499,0.79,RDKit,same,0.617,0.905,SIMILARITY_CALC
COMPOUND_SIMILARITY_00293,StructuralSimilarity,COMPOUND_00191,COMPOUND_00054,0.487,0.762,0.335,FCFP6,similar,0.769,0.971,SIMILARITY_CALC
COMPOUND_SIMILARITY_00294,StructuralSimilarity,COMPOUND_00163,COMPOUND_00179,0.392,0.698,0.805,MACCS,same,0.889,0.762,SIMILARITY_CALC
COMPOUND_SIMILARITY_00295,StructuralSimilarity,COMPOUND_00142,COMPOUND_00232,0.939,0.813,0.727,RDKit,similar,0.9,0.837,SIMILARITY_CALC
COMPOUND_SIMILARITY_00296,StructuralSimilarity,COMPOUND_00016,COMPOUND_00055,0.712,0.498,0.8,FCFP6,different,0.483,0.906,SIMILARITY_CALC
COMPOUND_SIMILARITY_00297,StructuralSimilarity,COMPOUND_00044,COMPOUND_00294,0.354,0.699,0.92,FCFP6,same,0.386,0.934,SIMILARITY_CALC
COMPOUND_SIMILARITY_00298,StructuralSimilarity,COMPOUND_00053,COMPOUND_00255,0.644,0.493,0.502,FCFP6,same,0.793,0.867,SIMILARITY_CALC
COMPOUND_SIMILARITY_00299,StructuralSimilarity,COMPOUND_00068,COMPOUND_00193,0.675,0.671,0.684,FCFP6,same,0.41,0.781,SIMILARITY_CALC
COMPOUND_SIMILARITY_00300,StructuralSimilarity,COMPOUND_00194,COMPOUND_00188,0.532,0.608,0.501,MACCS,different,0.7,0.912,SIMILARITY_CALC
COMPOUND_SIMILARITY_00301,StructuralSimilarity,COMPOUND_00147,COMPOUND_00221,0.367,0.674,0.588,ECFP4,same,0.321,0.932,SIMILARITY_CALC
COMPOUND_SIMILARITY_00302,StructuralSimilarity,COMPOUND_00189,COMPOUND_00157,0.558,0.457,0.842,FCFP6,same,0.728,0.965,SIMILARITY_CALC
COMPOUND_SIMILARITY_00303,StructuralSimilarity,COMPOUND_00092,COMPOUND_00273,0.407,0.653,0.539,FCFP6,similar,0.83,0.941,SIMILARITY_CALC
COMPOUND_SIMILARITY_00304,StructuralSimilarity,COMPOUND_00018,COMPOUND_00189,0.88,0.529,0.316,FCFP6,different,0.254,0.807,SIMILARITY_CALC
COMPOUND_SIMILARITY_00305,StructuralSimilarity,COMPOUND_00238,COMPOUND_00016,0.438,0.389,0.571,RDKit,similar,0.843,0.923,SIMILARITY_CALC
COMPOUND_SIMILARITY_00306,StructuralSimilarity,COMPOUND_00069,COMPOUND_00264,0.65,0.761,0.576,RDKit,different,0.54,0.886,SIMILARITY_CALC
COMPOUND_SIMILARITY_00307,StructuralSimilarity,COMPOUND_00017,COMPOUND_00181,0.677,0.447,0.921,FCFP6,same,0.827,0.782,SIMILARITY_CALC
COMPOUND_SIMILARITY_00308,StructuralSimilarity,COMPOUND_00058,COMPOUND_00087,0.649,0.651,0.346,MACCS,different,0.581,0.821,SIMILARITY_CALC
COMPOUND_SIMILARITY_00309,StructuralSimilarity,COMPOUND_00268,COMPOUND_00272,0.646,0.425,0.498,ECFP4,similar,0.297,0.969,SIMILARITY_CALC
COMPOUND_SIMILARITY_00310,StructuralSimilarity,COMPOUND_00154,COMPOUND_00160,0.332,0.355,0.677,MACCS,same,0.463,0.811,SIMILARITY_CALC
COMPOUND_SIMILARITY_00311,StructuralSimilarity,COMPOUND_00144,COMPOUND_00208,0.871,0.462,0.784,MACCS,similar,0.487,0.757,SIMILARITY_CALC
COMPOUND_SIMILARITY_00312,StructuralSimilarity,COMPOUND_00265,COMPOUND_00050,0.38,0.6,0.923,FCFP6,same,0.641,0.784,SIMILARITY_CALC
COMPOUND_SIMILARITY_00313,StructuralSimilarity,COMPOUND_00064,COMPOUND_00047,0.515,0.658,0.845,RDKit,similar,0.386,0.933,SIMILARITY_CALC
COMPOUND_SIMILARITY_00314,StructuralSimilarity,COMPOUND_00152,COMPOUND_00263,0.597,0.653,0.532,RDKit,same,0.449,0.923,SIMILARITY_CALC
COMPOUND_SIMILARITY_00315,StructuralSimilarity,COMPOUND_00280,COMPOUND_00164,0.446,0.327,0.492,MACCS,different,0.423,0.907,SIMILARITY_CALC
COMPOUND_SIMILARITY_00316,StructuralSimilarity,COMPOUND_00146,COMPOUND_00101,0.56,0.488,0.361,ECFP4,similar,0.839,0.814,SIMILARITY_CALC
COMPOUND_SIMILARITY_00317,StructuralSimilarity,COMPOUND_00262,COMPOUND_00154,0.629,0.397,0.564,ECFP4,same,0.709,0.968,SIMILARITY_CALC
COMPOUND_SIMILARITY_00318,StructuralSimilarity,COMPOUND_00098,COMPOUND_00287,0.556,0.509,0.432,ECFP4,same,0.516,0.936,SIMILARITY_CALC
COMPOUND_SIMILARITY_00319,StructuralSimilarity,COMPOUND_00054,COMPOUND_00037,0.353,0.533,0.862,RDKit,different,0.66,0.806,SIMILARITY_CALC
COMPOUND_SIMILARITY_00320,StructuralSimilarity,COMPOUND_00208,COMPOUND_00012,0.425,0.744,0.459,MACCS,different,0.49,0.94,SIMILARITY_CALC
COMPOUND_SIMILARITY_00321,StructuralSimilarity,COMPOUND_00166,COMPOUND_00009,0.527,0.691,0.474,RDKit,same,0.383,0.802,SIMILARITY_CALC
COMPOUND_SIMILARITY_00322,StructuralSimilarity,COMPOUND_00214,COMPOUND_00117,0.719,0.922,0.629,RDKit,similar,0.345,0.887,SIMILARITY_CALC
COMPOUND_SIMILARITY_00323,StructuralSimilarity,COMPOUND_00075,COMPOUND_00140,0.43,0.442,0.498,ECFP4,same,0.543,0.852,SIMILARITY_CALC
COMPOUND_SIMILARITY_00324,StructuralSimilarity,COMPOUND_00137,COMPOUND_00283,0.797,0.377,0.928,RDKit,same,0.786,0.898,SIMILARITY_CALC
COMPOUND_SIMILARITY_00325,StructuralSimilarity,COMPOUND_00129,COMPOUND_00272,0.566,0.43,0.604,MACCS,similar,0.794,0.954,SIMILARITY_CALC
COMPOUND_SIMILARITY_00326,StructuralSimilarity,COMPOUND_00263,COMPOUND_00183,0.45,0.546,0.372,ECFP4,same,0.854,0.894,SIMILARITY_CALC
COMPOUND_SIMILARITY_00327,StructuralSimilarity,COMPOUND_00147,COMPOUND_00254,0.829,0.324,0.371,ECFP4,similar,0.215,0.941,SIMILARITY_CALC
COMPOUND_SIMILARITY_00328,StructuralSimilarity,COMPOUND_00184,COMPOUND_00104,0.798,0.535,0.91,ECFP4,similar,0.709,0.88,SIMILARITY_CALC
COMPOUND_SIMILARITY_00329,StructuralSimilarity,COMPOUND_00102,COMPOUND_00245,0.412,0.699,0.34,MACCS,different,0.78,0.909,SIMILARITY_CALC
COMPOUND_SIMILARITY_00330,StructuralSimilarity,COMPOUND_00272,COMPOUND_00130,0.355,0.904,0.889,MACCS,similar,0.732,0.856,SIMILARITY_CALC
COMPOUND_SIMILARITY_00331,StructuralSimilarity,COMPOUND_00106,COMPOUND_00131,0.301,0.53,0.607,FCFP6,different,0.853,0.906,SIMILARITY_CALC
COMPOUND_SIMILARITY_00332,StructuralSimilarity,COMPOUND_00017,COMPOUND_00260,0.348,0.667,0.796,ECFP4,similar,0.239,0.956,SIMILARITY_CALC
COMPOUND_SIMILARITY_00333,StructuralSimilarity,COMPOUND_00218,COMPOUND_00090,0.697,0.738,0.948,MACCS,different,0.805,0.897,SIMILARITY_CALC
COMPOUND_SIMILARITY_00334,StructuralSimilarity,COMPOUND_00251,COMPOUND_00110,0.568,0.692,0.449,FCFP6,different,0.224,0.882,SIMILARITY_CALC
COMPOUND_SIMILARITY_00335,StructuralSimilarity,COMPOUND_00188,COMPOUND_00176,0.825,0.415,0.776,FCFP6,similar,0.726,0.926,SIMILARITY_CALC
COMPOUND_SIMILARITY_00336,StructuralSimilarity,COMPOUND_00186,COMPOUND_00228,0.899,0.746,0.537,MACCS,same,0.299,0.936,SIMILARITY_CALC
COMPOUND_SIMILARITY_00337,StructuralSimilarity,COMPOUND_00003,COMPOUND_00006,0.767,0.403,0.373,RDKit,different,0.792,0.792,SIMILARITY_CALC
COMPOUND_SIMILARITY_00338,StructuralSimilarity,COMPOUND_00197,COMPOUND_00078,0.502,0.889,0.851,MACCS,same,0.411,0.813,SIMILARITY_CALC
COMPOUND_SIMILARITY_00339,StructuralSimilarity,COMPOUND_00210,COMPOUND_00277,0.755,0.665,0.591,FCFP6,different,0.745,0.934,SIMILARITY_CALC
COMPOUND_SIMILARITY_00340,StructuralSimilarity,COMPOUND_00103,COMPOUND_00073,0.762,0.39,0.713,FCFP6,similar,0.46,0.826,SIMILARITY_CALC
COMPOUND_SIMILARITY_00341,StructuralSimilarity,COMPOUND_00159,COMPOUND_00290,0.524,0.331,0.599,ECFP4,same,0.318,0.866,SIMILARITY_CALC
COMPOUND_SIMILARITY_00342,StructuralSimilarity,COMPOUND_00050,COMPOUND_00176,0.769,0.62,0.894,FCFP6,same,0.341,0.912,SIMILARITY_CALC
COMPOUND_SIMILARITY_00343,StructuralSimilarity,COMPOUND_00093,COMPOUND_00020,0.329,0.906,0.791,ECFP4,similar,0.317,0.77,SIMILARITY_CALC
COMPOUND_SIMILARITY_00344,StructuralSimilarity,COMPOUND_00269,COMPOUND_00140,0.526,0.897,0.546,ECFP4,same,0.239,0.814,SIMILARITY_CALC
COMPOUND_SIMILARITY_00345,StructuralSimilarity,COMPOUND_00085,COMPOUND_00077,0.654,0.713,0.438,FCFP6,different,0.3,0.915,SIMILARITY_CALC
COMPOUND_SIMILARITY_00346,StructuralSimilarity,COMPOUND_00235,COMPOUND_00027,0.601,0.886,0.314,RDKit,similar,0.755,0.78,SIMILARITY_CALC
COMPOUND_SIMILARITY_00347,StructuralSimilarity,COMPOUND_00076,COMPOUND_00039,0.377,0.905,0.544,RDKit,similar,0.798,0.82,SIMILARITY_CALC
COMPOUND_SIMILARITY_00348,StructuralSimilarity,COMPOUND_00299,COMPOUND_00274,0.418,0.744,0.502,MACCS,similar,0.88,0.921,SIMILARITY_CALC
COMPOUND_SIMILARITY_00349,StructuralSimilarity,COMPOUND_00085,COMPOUND_00272,0.304,0.653,0.657,RDKit,similar,0.431,0.978,SIMILARITY_CALC
COMPOUND_SIMILARITY_00350,StructuralSimilarity,COMPOUND_00132,COMPOUND_00165,0.864,0.765,0.59,ECFP4,same,0.331,0.785,SIMILARITY_CALC
COMPOUND_SIMILARITY_00351,StructuralSimilarity,COMPOUND_00276,COMPOUND_00038,0.944,0.715,0.791,RDKit,same,0.672,0.905,SIMILARITY_CALC
COMPOUND_SIMILARITY_00352,StructuralSimilarity,COMPOUND_00209,COMPOUND_00066,0.571,0.939,0.903,FCFP6,similar,0.483,0.889,SIMILARITY_CALC
COMPOUND_SIMILARITY_00353,StructuralSimilarity,COMPOUND_00053,COMPOUND_00043,0.426,0.337,0.417,ECFP4,different,0.229,0.779,SIMILARITY_CALC
COMPOUND_SIMILARITY_00354,StructuralSimilarity,COMPOUND_00256,COMPOUND_00076,0.381,0.763,0.449,MACCS,same,0.791,0.814,SIMILARITY_CALC
COMPOUND_SIMILARITY_00355,StructuralSimilarity,COMPOUND_00191,COMPOUND_00049,0.544,0.791,0.358,ECFP4,similar,0.875,0.929,SIMILARITY_CALC
COMPOUND_SIMILARITY_00356,StructuralSimilarity,COMPOUND_00029,COMPOUND_00283,0.928,0.767,0.62,RDKit,different,0.366,0.9,SIMILARITY_CALC
COMPOUND_SIMILARITY_00357,StructuralSimilarity,COMPOUND_00026,COMPOUND_00143,0.757,0.892,0.675,FCFP6,similar,0.555,0.871,SIMILARITY_CALC
COMPOUND_SIMILARITY_00358,StructuralSimilarity,COMPOUND_00012,COMPOUND_00139,0.413,0.438,0.842,MACCS,same,0.661,0.929,SIMILARITY_CALC
COMPOUND_SIMILARITY_00359,StructuralSimilarity,COMPOUND_00280,COMPOUND_00099,0.949,0.496,0.728,RDKit,similar,0.457,0.809,SIMILARITY_CALC
COMPOUND_SIMILARITY_00360,StructuralSimilarity,COMPOUND_00295,COMPOUND_00027,0.87,0.555,0.355,RDKit,similar,0.619,0.882,SIMILARITY_CALC
COMPOUND_SIMILARITY_00361,StructuralSimilarity,COMPOUND_00083,COMPOUND_00212,0.672,0.819,0.882,RDKit,similar,0.69,0.752,SIMILARITY_CALC
COMPOUND_SIMILARITY_00362,StructuralSimilarity,COMPOUND_00231,COMPOUND_00054,0.898,0.303,0.705,RDKit,same,0.283,0.912,SIMILARITY_CALC
COMPOUND_SIMILARITY_00363,StructuralSimilarity,COMPOUND_00132,COMPOUND_00166,0.723,0.699,0.785,FCFP6,similar,0.225,0.822,SIMILARITY_CALC
COMPOUND_SIMILARITY_00364,StructuralSimilarity,COMPOUND_00276,COMPOUND_00166,0.883,0.587,0.742,MACCS,similar,0.858,0.895,SIMILARITY_CALC
COMPOUND_SIMILARITY_00365,StructuralSimilarity,COMPOUND_00114,COMPOUND_00014,0.382,0.333,0.44,ECFP4,different,0.601,0.837,SIMILARITY_CALC
COMPOUND_SIMILARITY_00366,StructuralSimilarity,COMPOUND_00064,COMPOUND_00252,0.777,0.639,0.344,RDKit,same,0.776,0.903,SIMILARITY_CALC
COMPOUND_SIMILARITY_00367,StructuralSimilarity,COMPOUND_00292,COMPOUND_00053,0.452,0.462,0.907,RDKit,similar,0.271,0.906,SIMILARITY_CALC
COMPOUND_SIMILARITY_00368,StructuralSimilarity,COMPOUND_00044,COMPOUND_00045,0.614,0.844,0.731,MACCS,similar,0.267,0.972,SIMILARITY_CALC
COMPOUND_SIMILARITY_00369,StructuralSimilarity,COMPOUND_00181,COMPOUND_00094,0.892,0.341,0.546,RDKit,same,0.406,0.808,SIMILARITY_CALC
COMPOUND_SIMILARITY_00370,StructuralSimilarity,COMPOUND_00023,COMPOUND_00144,0.607,0.623,0.802,ECFP4,same,0.786,0.901,SIMILARITY_CALC
COMPOUND_SIMILARITY_00371,StructuralSimilarity,COMPOUND_00094,COMPOUND_00212,0.921,0.544,0.631,ECFP4,same,0.346,0.933,SIMILARITY_CALC
COMPOUND_SIMILARITY_00372,StructuralSimilarity,COMPOUND_00270,COMPOUND_00020,0.756,0.38,0.569,MACCS,same,0.888,0.829,SIMILARITY_CALC
COMPOUND_SIMILARITY_00373,StructuralSimilarity,COMPOUND_00293,COMPOUND_00095,0.904,0.926,0.519,MACCS,similar,0.451,0.761,SIMILARITY_CALC
COMPOUND_SIMILARITY_00374,StructuralSimilarity,COMPOUND_00223,COMPOUND_00030,0.567,0.559,0.467,FCFP6,similar,0.286,0.765,SIMILARITY_CALC
COMPOUND_SIMILARITY_00375,StructuralSimilarity,COMPOUND_00167,COMPOUND_00043,0.364,0.692,0.595,FCFP6,same,0.827,0.769,SIMILARITY_CALC
COMPOUND_SIMILARITY_00376,StructuralSimilarity,COMPOUND_00202,COMPOUND_00245,0.604,0.631,0.861,RDKit,same,0.716,0.916,SIMILARITY_CALC
COMPOUND_SIMILARITY_00377,StructuralSimilarity,COMPOUND_00243,COMPOUND_00018,0.514,0.642,0.311,RDKit,different,0.845,0.766,SIMILARITY_CALC
COMPOUND_SIMILARITY_00378,StructuralSimilarity,COMPOUND_00109,COMPOUND_00251,0.902,0.842,0.744,ECFP4,different,0.568,0.813,SIMILARITY_CALC
COMPOUND_SIMILARITY_00379,StructuralSimilarity,COMPOUND_00037,COMPOUND_00063,0.614,0.443,0.611,RDKit,same,0.795,0.92,SIMILARITY_CALC
COMPOUND_SIMILARITY_00380,StructuralSimilarity,COMPOUND_00086,COMPOUND_00132,0.801,0.905,0.837,RDKit,different,0.493,0.877,SIMILARITY_CALC
COMPOUND_SIMILARITY_00381,StructuralSimilarity,COMPOUND_00192,COMPOUND_00177,0.356,0.64,0.754,MACCS,similar,0.333,0.86,SIMILARITY_CALC
COMPOUND_SIMILARITY_00382,StructuralSimilarity,COMPOUND_00089,COMPOUND_00229,0.912,0.834,0.324,RDKit,same,0.873,0.916,SIMILARITY_CALC
COMPOUND_SIMILARITY_00383,StructuralSimilarity,COMPOUND_00079,COMPOUND_00182,0.306,0.301,0.756,ECFP4,different,0.563,0.81,SIMILARITY_CALC
COMPOUND_SIMILARITY_00384,StructuralSimilarity,COMPOUND_00097,COMPOUND_00015,0.507,0.612,0.591,RDKit,same,0.38,0.808,SIMILARITY_CALC
COMPOUND_SIMILARITY_00385,StructuralSimilarity,COMPOUND_00139,COMPOUND_00194,0.323,0.806,0.478,ECFP4,similar,0.396,0.832,SIMILARITY_CALC
COMPOUND_SIMILARITY_00386,StructuralSimilarity,COMPOUND_00030,COMPOUND_00077,0.36,0.47,0.358,FCFP6,same,0.66,0.782,SIMILARITY_CALC
COMPOUND_SIMILARITY_00387,StructuralSimilarity,COMPOUND_00033,COMPOUND_00210,0.765,0.883,0.86,FCFP6,same,0.467,0.858,SIMILARITY_CALC
COMPOUND_SIMILARITY_00388,StructuralSimilarity,COMPOUND_00170,COMPOUND_00238,0.767,0.327,0.552,FCFP6,different,0.756,0.78,SIMILARITY_CALC
COMPOUND_SIMILARITY_00389,StructuralSimilarity,COMPOUND_00230,COMPOUND_00194,0.325,0.601,0.319,FCFP6,different,0.752,0.829,SIMILARITY_CALC
COMPOUND_SIMILARITY_00390,StructuralSimilarity,COMPOUND_00275,COMPOUND_00051,0.848,0.531,0.913,ECFP4,different,0.533,0.87,SIMILARITY_CALC
COMPOUND_SIMILARITY_00391,StructuralSimilarity,COMPOUND_00258,COMPOUND_00197,0.906,0.632,0.822,FCFP6,different,0.811,0.976,SIMILARITY_CALC
COMPOUND_SIMILARITY_00392,StructuralSimilarity,COMPOUND_00120,COMPOUND_00279,0.441,0.738,0.893,FCFP6,different,0.638,0.887,SIMILARITY_CALC
COMPOUND_SIMILARITY_00393,StructuralSimilarity,COMPOUND_00300,COMPOUND_00176,0.324,0.44,0.89,MACCS,same,0.413,0.866,SIMILARITY_CALC
COMPOUND_SIMILARITY_00394,StructuralSimilarity,COMPOUND_00082,COMPOUND_00037,0.801,0.878,0.646,FCFP6,similar,0.708,0.882,SIMILARITY_CALC
COMPOUND_SIMILARITY_00395,StructuralSimilarity,COMPOUND_00067,COMPOUND_00047,0.44,0.782,0.843,MACCS,same,0.335,0.897,SIMILARITY_CALC
COMPOUND_SIMILARITY_00396,StructuralSimilarity,COMPOUND_00053,COMPOUND_00185,0.358,0.642,0.891,FCFP6,same,0.352,0.752,SIMILARITY_CALC
COMPOUND_SIMILARITY_00397,StructuralSimilarity,COMPOUND_00260,COMPOUND_00273,0.347,0.566,0.559,ECFP4,different,0.77,0.768,SIMILARITY_CALC
COMPOUND_SIMILARITY_00398,StructuralSimilarity,COMPOUND_00077,COMPOUND_00270,0.444,0.95,0.344,RDKit,different,0.214,0.963,SIMILARITY_CALC
COMPOUND_SIMILARITY_00399,StructuralSimilarity,COMPOUND_00039,COMPOUND_00270,0.321,0.728,0.353,MACCS,same,0.54,0.883,SIMILARITY_CALC
COMPOUND_SIMILARITY_00400,StructuralSimilarity,COMPOUND_00179,COMPOUND_00015,0.519,0.462,0.907,MACCS,similar,0.738,0.858,SIMILARITY_CALC
