Id,Label,FromId,ToId,Properties:affinity,Properties:ic50,Properties:ki,Properties:mechanism,Properties:evidence,Properties:assayType,Properties:species,Properties:confidence,Properties:source
DRUG_TARGET_00001,DrugTargets,DRUG_00301,TARGET_00115,3.823,90.948219,17.297759,binding,literature,cellular,human,0.622,CHEMBL
DRUG_TARGET_00002,DrugTargets,DRUG_00364,TARGET_00126,6.506,75.890741,48.463886,inhibition,experimental,cellular,human,0.806,CHEMBL
DRUG_TARGET_00003,DrugTargets,DRUG_00500,TARGET_00121,3.801,69.402797,5.752022,activation,computational,biochemical,human,0.913,CHEMBL
DRUG_TARGET_00004,DrugTargets,DRUG_00406,TARGET_00138,3.826,23.782132,31.163268,inhibition,experimental,biochemical,human,0.883,CHEMBL
DRUG_TARGET_00005,DrugTargets,DRUG_00365,TARGET_00130,9.109,83.016402,47.238807,activation,experimental,tissue,human,0.757,CHEMBL
DRUG_TARGET_00006,DrugTargets,DRUG_00383,TARGET_00004,8.565,70.567984,13.989915,binding,literature,tissue,human,0.612,CHEMBL
DRUG_TARGET_00007,DrugTargets,DRUG_00244,TARGET_00010,5.608,93.841073,6.964455,inhibition,computational,biochemical,human,0.905,CHEMBL
DRUG_TARGET_00008,DrugTargets,DRUG_00112,TARGET_00135,3.214,48.76788,15.221303,modulation,experimental,tissue,human,0.739,CHEMBL
DRUG_TARGET_00009,DrugTargets,DRUG_00172,TARGET_00197,2.861,21.668309,21.055308,inhibition,experimental,tissue,human,0.839,CHEMBL
DRUG_TARGET_00010,DrugTargets,DRUG_00483,TARGET_00001,5.913,29.796986,4.574203,activation,literature,tissue,human,0.721,CHEMBL
DRUG_TARGET_00011,DrugTargets,DRUG_00443,TARGET_00141,3.294,42.238849,7.084106,inhibition,experimental,tissue,human,0.743,CHEMBL
DRUG_TARGET_00012,DrugTargets,DRUG_00050,TARGET_00118,4.07,49.518727,2.226012,modulation,computational,biochemical,human,0.795,CHEMBL
DRUG_TARGET_00013,DrugTargets,DRUG_00417,TARGET_00084,2.667,45.363222,44.825712,modulation,computational,tissue,human,0.691,CHEMBL
DRUG_TARGET_00014,DrugTargets,DRUG_00012,TARGET_00173,8.268,85.269783,19.894845,modulation,computational,cellular,human,0.616,CHEMBL
DRUG_TARGET_00015,DrugTargets,DRUG_00132,TARGET_00136,6.04,86.132685,0.301976,activation,literature,cellular,human,0.827,CHEMBL
DRUG_TARGET_00016,DrugTargets,DRUG_00231,TARGET_00062,1.979,62.981899,17.243529,inhibition,literature,cellular,human,0.893,CHEMBL
DRUG_TARGET_00017,DrugTargets,DRUG_00388,TARGET_00142,3.378,50.821306,25.016919,inhibition,literature,tissue,human,0.693,CHEMBL
DRUG_TARGET_00018,DrugTargets,DRUG_00262,TARGET_00015,0.346,20.370115,2.730175,modulation,computational,biochemical,human,0.601,CHEMBL
DRUG_TARGET_00019,DrugTargets,DRUG_00264,TARGET_00030,9.04,20.066831,33.031741,activation,experimental,biochemical,human,0.894,CHEMBL
DRUG_TARGET_00020,DrugTargets,DRUG_00362,TARGET_00036,2.702,2.564935,39.163461,binding,literature,cellular,human,0.657,CHEMBL
DRUG_TARGET_00021,DrugTargets,DRUG_00489,TARGET_00130,7.462,76.155809,15.672387,inhibition,experimental,tissue,human,0.769,CHEMBL
DRUG_TARGET_00022,DrugTargets,DRUG_00411,TARGET_00161,0.681,50.57729,12.350847,binding,computational,tissue,human,0.888,CHEMBL
DRUG_TARGET_00023,DrugTargets,DRUG_00149,TARGET_00134,1.927,56.30702,18.013902,activation,experimental,biochemical,human,0.789,CHEMBL
DRUG_TARGET_00024,DrugTargets,DRUG_00203,TARGET_00132,0.694,82.947068,6.436236,inhibition,literature,biochemical,human,0.695,CHEMBL
DRUG_TARGET_00025,DrugTargets,DRUG_00096,TARGET_00105,1.505,7.32642,40.778107,inhibition,literature,cellular,human,0.849,CHEMBL
DRUG_TARGET_00026,DrugTargets,DRUG_00307,TARGET_00199,2.578,56.128838,46.367553,modulation,computational,biochemical,human,0.602,CHEMBL
DRUG_TARGET_00027,DrugTargets,DRUG_00077,TARGET_00086,9.766,65.795457,6.653472,binding,computational,biochemical,human,0.741,CHEMBL
DRUG_TARGET_00028,DrugTargets,DRUG_00413,TARGET_00053,7.774,41.782506,12.984455,inhibition,literature,tissue,human,0.745,CHEMBL
DRUG_TARGET_00029,DrugTargets,DRUG_00159,TARGET_00189,2.842,68.725383,0.391129,modulation,literature,cellular,human,0.746,CHEMBL
DRUG_TARGET_00030,DrugTargets,DRUG_00450,TARGET_00169,1.68,58.597225,39.559972,binding,experimental,tissue,human,0.616,CHEMBL
DRUG_TARGET_00031,DrugTargets,DRUG_00202,TARGET_00200,0.551,94.029557,16.378533,binding,literature,tissue,human,0.861,CHEMBL
DRUG_TARGET_00032,DrugTargets,DRUG_00163,TARGET_00099,1.649,39.736542,32.139018,modulation,experimental,biochemical,human,0.608,CHEMBL
DRUG_TARGET_00033,DrugTargets,DRUG_00457,TARGET_00169,9.718,76.063262,20.885243,inhibition,experimental,cellular,human,0.916,CHEMBL
DRUG_TARGET_00034,DrugTargets,DRUG_00133,TARGET_00042,5.161,82.660743,28.71471,activation,literature,biochemical,human,0.906,CHEMBL
DRUG_TARGET_00035,DrugTargets,DRUG_00226,TARGET_00070,1.532,64.990459,10.699015,activation,experimental,cellular,human,0.77,CHEMBL
DRUG_TARGET_00036,DrugTargets,DRUG_00495,TARGET_00129,7.468,5.73479,46.748863,activation,experimental,cellular,human,0.813,CHEMBL
DRUG_TARGET_00037,DrugTargets,DRUG_00317,TARGET_00106,3.586,31.824305,19.591077,activation,computational,cellular,human,0.658,CHEMBL
DRUG_TARGET_00038,DrugTargets,DRUG_00299,TARGET_00041,0.321,36.276789,39.191715,modulation,experimental,tissue,human,0.609,CHEMBL
DRUG_TARGET_00039,DrugTargets,DRUG_00020,TARGET_00073,1.95,19.706177,45.668059,modulation,computational,cellular,human,0.859,CHEMBL
DRUG_TARGET_00040,DrugTargets,DRUG_00206,TARGET_00120,6.36,34.610737,27.31681,binding,literature,cellular,human,0.742,CHEMBL
DRUG_TARGET_00041,DrugTargets,DRUG_00070,TARGET_00010,5.842,63.737664,14.480877,activation,computational,cellular,human,0.72,CHEMBL
DRUG_TARGET_00042,DrugTargets,DRUG_00404,TARGET_00088,1.055,63.282264,45.59683,activation,computational,tissue,human,0.839,CHEMBL
DRUG_TARGET_00043,DrugTargets,DRUG_00010,TARGET_00054,1.941,40.476506,34.956736,modulation,literature,cellular,human,0.787,CHEMBL
DRUG_TARGET_00044,DrugTargets,DRUG_00199,TARGET_00067,8.996,74.972165,13.385608,binding,experimental,biochemical,human,0.708,CHEMBL
DRUG_TARGET_00045,DrugTargets,DRUG_00082,TARGET_00051,4.695,88.880812,26.363382,inhibition,literature,cellular,human,0.911,CHEMBL
DRUG_TARGET_00046,DrugTargets,DRUG_00120,TARGET_00083,4.203,84.554102,24.97623,binding,literature,biochemical,human,0.816,CHEMBL
DRUG_TARGET_00047,DrugTargets,DRUG_00396,TARGET_00146,2.653,42.08591,7.133467,activation,experimental,tissue,human,0.909,CHEMBL
DRUG_TARGET_00048,DrugTargets,DRUG_00206,TARGET_00197,3.651,86.278013,28.750727,modulation,literature,tissue,human,0.759,CHEMBL
DRUG_TARGET_00049,DrugTargets,DRUG_00377,TARGET_00072,1.194,85.393697,18.782958,binding,computational,cellular,human,0.654,CHEMBL
DRUG_TARGET_00050,DrugTargets,DRUG_00179,TARGET_00083,4.832,63.132293,44.392352,binding,literature,cellular,human,0.601,CHEMBL
DRUG_TARGET_00051,DrugTargets,DRUG_00165,TARGET_00092,1.826,16.531405,24.590724,activation,literature,cellular,human,0.727,CHEMBL
DRUG_TARGET_00052,DrugTargets,DRUG_00277,TARGET_00113,5.821,15.253269,15.617022,modulation,literature,biochemical,human,0.762,CHEMBL
DRUG_TARGET_00053,DrugTargets,DRUG_00075,TARGET_00018,2.97,47.863993,27.56649,modulation,computational,tissue,human,0.922,CHEMBL
DRUG_TARGET_00054,DrugTargets,DRUG_00174,TARGET_00012,0.111,56.636681,8.029135,modulation,literature,biochemical,human,0.737,CHEMBL
DRUG_TARGET_00055,DrugTargets,DRUG_00362,TARGET_00075,8.626,31.493837,41.427579,inhibition,literature,cellular,human,0.651,CHEMBL
DRUG_TARGET_00056,DrugTargets,DRUG_00194,TARGET_00059,8.208,42.789986,34.471136,binding,experimental,tissue,human,0.733,CHEMBL
DRUG_TARGET_00057,DrugTargets,DRUG_00009,TARGET_00113,5.437,35.293074,31.217177,inhibition,computational,biochemical,human,0.659,CHEMBL
DRUG_TARGET_00058,DrugTargets,DRUG_00026,TARGET_00185,1.675,5.468139,16.690915,inhibition,experimental,biochemical,human,0.936,CHEMBL
DRUG_TARGET_00059,DrugTargets,DRUG_00261,TARGET_00096,2.016,52.355821,5.313669,activation,literature,tissue,human,0.791,CHEMBL
DRUG_TARGET_00060,DrugTargets,DRUG_00500,TARGET_00118,2.492,77.060386,4.684251,activation,computational,cellular,human,0.832,CHEMBL
DRUG_TARGET_00061,DrugTargets,DRUG_00116,TARGET_00094,9.326,7.214388,11.157609,activation,literature,cellular,human,0.801,CHEMBL
DRUG_TARGET_00062,DrugTargets,DRUG_00028,TARGET_00190,6.016,62.555565,14.978346,inhibition,computational,biochemical,human,0.663,CHEMBL
DRUG_TARGET_00063,DrugTargets,DRUG_00108,TARGET_00063,3.538,32.175529,12.766433,modulation,computational,tissue,human,0.607,CHEMBL
DRUG_TARGET_00064,DrugTargets,DRUG_00244,TARGET_00080,1.524,48.605957,41.476793,binding,experimental,biochemical,human,0.679,CHEMBL
DRUG_TARGET_00065,DrugTargets,DRUG_00495,TARGET_00113,9.909,30.869104,39.08605,activation,experimental,biochemical,human,0.789,CHEMBL
DRUG_TARGET_00066,DrugTargets,DRUG_00326,TARGET_00079,4.262,81.88876,42.106268,modulation,experimental,tissue,human,0.81,CHEMBL
DRUG_TARGET_00067,DrugTargets,DRUG_00436,TARGET_00025,0.239,56.001032,1.133229,inhibition,computational,tissue,human,0.853,CHEMBL
DRUG_TARGET_00068,DrugTargets,DRUG_00054,TARGET_00147,6.059,31.231607,43.465441,modulation,computational,biochemical,human,0.72,CHEMBL
DRUG_TARGET_00069,DrugTargets,DRUG_00370,TARGET_00161,7.9,97.599262,12.757333,binding,experimental,cellular,human,0.927,CHEMBL
DRUG_TARGET_00070,DrugTargets,DRUG_00290,TARGET_00175,1.483,76.553997,38.445773,modulation,experimental,biochemical,human,0.783,CHEMBL
DRUG_TARGET_00071,DrugTargets,DRUG_00273,TARGET_00028,6.025,77.617412,10.620692,inhibition,literature,biochemical,human,0.651,CHEMBL
DRUG_TARGET_00072,DrugTargets,DRUG_00191,TARGET_00089,5.148,91.461444,11.183384,binding,computational,tissue,human,0.92,CHEMBL
DRUG_TARGET_00073,DrugTargets,DRUG_00301,TARGET_00135,6.917,66.740237,33.951226,binding,experimental,tissue,human,0.691,CHEMBL
DRUG_TARGET_00074,DrugTargets,DRUG_00276,TARGET_00031,2.059,99.150265,23.686445,inhibition,computational,biochemical,human,0.872,CHEMBL
DRUG_TARGET_00075,DrugTargets,DRUG_00416,TARGET_00198,9.458,79.221375,26.636537,inhibition,experimental,cellular,human,0.927,CHEMBL
DRUG_TARGET_00076,DrugTargets,DRUG_00260,TARGET_00119,0.669,74.019506,14.338041,inhibition,literature,cellular,human,0.847,CHEMBL
DRUG_TARGET_00077,DrugTargets,DRUG_00433,TARGET_00182,1.67,81.23373,5.941231,binding,literature,cellular,human,0.723,CHEMBL
DRUG_TARGET_00078,DrugTargets,DRUG_00099,TARGET_00159,9.318,48.597969,12.113948,inhibition,experimental,biochemical,human,0.664,CHEMBL
DRUG_TARGET_00079,DrugTargets,DRUG_00369,TARGET_00097,3.35,1.781854,1.185644,inhibition,computational,biochemical,human,0.753,CHEMBL
DRUG_TARGET_00080,DrugTargets,DRUG_00458,TARGET_00129,9.631,14.729235,17.056293,modulation,experimental,biochemical,human,0.844,CHEMBL
DRUG_TARGET_00081,DrugTargets,DRUG_00219,TARGET_00075,3.553,75.569203,0.912347,inhibition,experimental,cellular,human,0.683,CHEMBL
DRUG_TARGET_00082,DrugTargets,DRUG_00487,TARGET_00162,8.27,62.042261,17.994435,binding,computational,cellular,human,0.906,CHEMBL
DRUG_TARGET_00083,DrugTargets,DRUG_00362,TARGET_00049,5.852,77.791752,40.960471,binding,computational,tissue,human,0.909,CHEMBL
DRUG_TARGET_00084,DrugTargets,DRUG_00053,TARGET_00087,6.068,37.15939,41.712001,inhibition,literature,biochemical,human,0.791,CHEMBL
DRUG_TARGET_00085,DrugTargets,DRUG_00228,TARGET_00173,1.248,11.630898,23.137492,inhibition,computational,tissue,human,0.719,CHEMBL
DRUG_TARGET_00086,DrugTargets,DRUG_00314,TARGET_00095,6.787,15.594303,43.135836,binding,experimental,tissue,human,0.761,CHEMBL
DRUG_TARGET_00087,DrugTargets,DRUG_00109,TARGET_00107,7.377,16.405707,6.414384,inhibition,experimental,cellular,human,0.769,CHEMBL
DRUG_TARGET_00088,DrugTargets,DRUG_00242,TARGET_00070,4.714,43.433063,46.694826,modulation,literature,tissue,human,0.76,CHEMBL
DRUG_TARGET_00089,DrugTargets,DRUG_00237,TARGET_00020,3.683,89.125291,7.585125,inhibition,literature,tissue,human,0.886,CHEMBL
DRUG_TARGET_00090,DrugTargets,DRUG_00445,TARGET_00007,2.535,5.527344,32.81162,modulation,literature,tissue,human,0.732,CHEMBL
DRUG_TARGET_00091,DrugTargets,DRUG_00419,TARGET_00097,2.826,64.147425,23.093356,modulation,experimental,cellular,human,0.7,CHEMBL
DRUG_TARGET_00092,DrugTargets,DRUG_00070,TARGET_00018,3.546,18.523553,36.106877,activation,experimental,tissue,human,0.907,CHEMBL
DRUG_TARGET_00093,DrugTargets,DRUG_00186,TARGET_00194,0.692,24.739544,24.505947,inhibition,computational,biochemical,human,0.701,CHEMBL
DRUG_TARGET_00094,DrugTargets,DRUG_00173,TARGET_00070,4.038,92.833462,27.598646,activation,literature,tissue,human,0.931,CHEMBL
DRUG_TARGET_00095,DrugTargets,DRUG_00432,TARGET_00061,0.447,42.723182,13.594262,modulation,literature,cellular,human,0.871,CHEMBL
DRUG_TARGET_00096,DrugTargets,DRUG_00006,TARGET_00145,6.014,78.468813,45.775569,inhibition,literature,tissue,human,0.719,CHEMBL
DRUG_TARGET_00097,DrugTargets,DRUG_00419,TARGET_00138,4.655,9.061494,38.604765,binding,experimental,cellular,human,0.603,CHEMBL
DRUG_TARGET_00098,DrugTargets,DRUG_00082,TARGET_00064,3.435,15.811218,13.678283,binding,literature,tissue,human,0.753,CHEMBL
DRUG_TARGET_00099,DrugTargets,DRUG_00401,TARGET_00077,7.823,64.931598,21.058019,activation,computational,biochemical,human,0.806,CHEMBL
DRUG_TARGET_00100,DrugTargets,DRUG_00007,TARGET_00056,7.075,72.752219,2.110911,activation,literature,tissue,human,0.668,CHEMBL
DRUG_TARGET_00101,DrugTargets,DRUG_00379,TARGET_00022,6.722,6.950157,36.406318,binding,literature,cellular,human,0.741,CHEMBL
DRUG_TARGET_00102,DrugTargets,DRUG_00220,TARGET_00150,6.925,74.292931,14.19996,activation,computational,cellular,human,0.786,CHEMBL
DRUG_TARGET_00103,DrugTargets,DRUG_00238,TARGET_00032,1.401,96.557038,16.22195,modulation,literature,cellular,human,0.625,CHEMBL
DRUG_TARGET_00104,DrugTargets,DRUG_00212,TARGET_00144,1.305,97.375299,3.630889,modulation,experimental,cellular,human,0.67,CHEMBL
DRUG_TARGET_00105,DrugTargets,DRUG_00051,TARGET_00066,4.229,53.938276,47.210408,activation,computational,tissue,human,0.607,CHEMBL
DRUG_TARGET_00106,DrugTargets,DRUG_00355,TARGET_00052,7.613,20.389633,20.03992,binding,experimental,cellular,human,0.682,CHEMBL
DRUG_TARGET_00107,DrugTargets,DRUG_00064,TARGET_00029,9.487,55.736296,41.408925,binding,experimental,tissue,human,0.762,CHEMBL
DRUG_TARGET_00108,DrugTargets,DRUG_00370,TARGET_00030,3.461,55.74187,14.339121,binding,literature,biochemical,human,0.908,CHEMBL
DRUG_TARGET_00109,DrugTargets,DRUG_00114,TARGET_00180,3.636,64.684977,46.557852,modulation,computational,biochemical,human,0.66,CHEMBL
DRUG_TARGET_00110,DrugTargets,DRUG_00214,TARGET_00079,1.617,50.0409,45.468218,activation,experimental,biochemical,human,0.845,CHEMBL
DRUG_TARGET_00111,DrugTargets,DRUG_00195,TARGET_00045,7.059,92.809229,23.523367,binding,literature,cellular,human,0.751,CHEMBL
DRUG_TARGET_00112,DrugTargets,DRUG_00300,TARGET_00052,3.037,68.064937,10.338561,inhibition,computational,biochemical,human,0.879,CHEMBL
DRUG_TARGET_00113,DrugTargets,DRUG_00082,TARGET_00008,4.971,31.392986,21.553245,inhibition,computational,tissue,human,0.884,CHEMBL
DRUG_TARGET_00114,DrugTargets,DRUG_00236,TARGET_00118,6.899,83.230417,13.854956,modulation,experimental,cellular,human,0.678,CHEMBL
DRUG_TARGET_00115,DrugTargets,DRUG_00264,TARGET_00109,4.316,75.941466,23.521786,binding,computational,biochemical,human,0.868,CHEMBL
DRUG_TARGET_00116,DrugTargets,DRUG_00344,TARGET_00052,5.815,13.37596,24.141201,activation,literature,tissue,human,0.918,CHEMBL
DRUG_TARGET_00117,DrugTargets,DRUG_00099,TARGET_00053,2.391,30.005757,13.61419,inhibition,experimental,tissue,human,0.744,CHEMBL
DRUG_TARGET_00118,DrugTargets,DRUG_00446,TARGET_00190,8.333,29.228604,14.70779,inhibition,literature,cellular,human,0.859,CHEMBL
DRUG_TARGET_00119,DrugTargets,DRUG_00345,TARGET_00166,5.491,40.854151,16.954106,inhibition,experimental,tissue,human,0.804,CHEMBL
DRUG_TARGET_00120,DrugTargets,DRUG_00163,TARGET_00182,2.749,20.571187,17.416139,activation,computational,tissue,human,0.863,CHEMBL
DRUG_TARGET_00121,DrugTargets,DRUG_00274,TARGET_00028,7.672,94.162202,35.556655,modulation,literature,cellular,human,0.639,CHEMBL
DRUG_TARGET_00122,DrugTargets,DRUG_00090,TARGET_00068,4.32,73.476127,24.540655,activation,literature,cellular,human,0.869,CHEMBL
DRUG_TARGET_00123,DrugTargets,DRUG_00050,TARGET_00104,6.814,95.387787,16.192728,inhibition,literature,cellular,human,0.83,CHEMBL
DRUG_TARGET_00124,DrugTargets,DRUG_00154,TARGET_00128,6.053,50.359036,49.593775,modulation,literature,biochemical,human,0.865,CHEMBL
DRUG_TARGET_00125,DrugTargets,DRUG_00257,TARGET_00129,5.386,58.699374,2.336859,binding,experimental,biochemical,human,0.634,CHEMBL
DRUG_TARGET_00126,DrugTargets,DRUG_00487,TARGET_00088,7.646,0.548146,11.169489,inhibition,literature,cellular,human,0.765,CHEMBL
DRUG_TARGET_00127,DrugTargets,DRUG_00022,TARGET_00067,8.56,26.112722,13.365664,binding,experimental,cellular,human,0.654,CHEMBL
DRUG_TARGET_00128,DrugTargets,DRUG_00011,TARGET_00182,8.255,56.594601,0.118383,activation,literature,tissue,human,0.895,CHEMBL
DRUG_TARGET_00129,DrugTargets,DRUG_00216,TARGET_00104,2.584,10.285004,3.190556,activation,experimental,biochemical,human,0.857,CHEMBL
DRUG_TARGET_00130,DrugTargets,DRUG_00091,TARGET_00072,4.368,60.6013,14.646388,modulation,literature,tissue,human,0.871,CHEMBL
DRUG_TARGET_00131,DrugTargets,DRUG_00281,TARGET_00069,3.17,57.6739,4.77215,activation,experimental,tissue,human,0.688,CHEMBL
DRUG_TARGET_00132,DrugTargets,DRUG_00227,TARGET_00188,0.239,0.496283,38.15202,activation,experimental,biochemical,human,0.682,CHEMBL
DRUG_TARGET_00133,DrugTargets,DRUG_00184,TARGET_00165,1.838,70.183441,23.454922,binding,literature,biochemical,human,0.944,CHEMBL
DRUG_TARGET_00134,DrugTargets,DRUG_00397,TARGET_00128,0.753,88.546575,12.369817,modulation,literature,tissue,human,0.625,CHEMBL
DRUG_TARGET_00135,DrugTargets,DRUG_00173,TARGET_00082,8.219,46.044791,12.450297,binding,computational,biochemical,human,0.633,CHEMBL
DRUG_TARGET_00136,DrugTargets,DRUG_00294,TARGET_00052,0.109,53.459871,5.296411,activation,literature,cellular,human,0.737,CHEMBL
DRUG_TARGET_00137,DrugTargets,DRUG_00156,TARGET_00061,4.67,69.171938,14.795484,modulation,experimental,tissue,human,0.842,CHEMBL
DRUG_TARGET_00138,DrugTargets,DRUG_00350,TARGET_00069,2.764,17.955692,3.711093,modulation,computational,tissue,human,0.894,CHEMBL
DRUG_TARGET_00139,DrugTargets,DRUG_00335,TARGET_00098,6.44,17.212906,49.040243,modulation,computational,cellular,human,0.819,CHEMBL
DRUG_TARGET_00140,DrugTargets,DRUG_00164,TARGET_00083,3.314,32.336381,11.871349,inhibition,computational,cellular,human,0.665,CHEMBL
DRUG_TARGET_00141,DrugTargets,DRUG_00102,TARGET_00174,6.245,21.371435,12.377276,binding,computational,biochemical,human,0.876,CHEMBL
DRUG_TARGET_00142,DrugTargets,DRUG_00334,TARGET_00120,0.599,98.766911,18.446462,modulation,experimental,cellular,human,0.907,CHEMBL
DRUG_TARGET_00143,DrugTargets,DRUG_00103,TARGET_00138,5.621,30.901612,2.327396,inhibition,experimental,biochemical,human,0.664,CHEMBL
DRUG_TARGET_00144,DrugTargets,DRUG_00237,TARGET_00198,8.852,58.072864,7.249363,binding,literature,cellular,human,0.82,CHEMBL
DRUG_TARGET_00145,DrugTargets,DRUG_00294,TARGET_00182,7.608,50.61731,47.251539,binding,experimental,cellular,human,0.649,CHEMBL
DRUG_TARGET_00146,DrugTargets,DRUG_00428,TARGET_00033,8.911,79.61459,2.078089,modulation,literature,biochemical,human,0.658,CHEMBL
DRUG_TARGET_00147,DrugTargets,DRUG_00128,TARGET_00134,5.948,62.879011,39.406309,modulation,literature,biochemical,human,0.614,CHEMBL
DRUG_TARGET_00148,DrugTargets,DRUG_00356,TARGET_00011,1.717,51.770198,2.805222,binding,experimental,tissue,human,0.675,CHEMBL
DRUG_TARGET_00149,DrugTargets,DRUG_00120,TARGET_00032,9.445,39.59984,46.148019,activation,experimental,cellular,human,0.883,CHEMBL
DRUG_TARGET_00150,DrugTargets,DRUG_00405,TARGET_00134,1.586,23.867998,5.929844,modulation,computational,cellular,human,0.946,CHEMBL
DRUG_TARGET_00151,DrugTargets,DRUG_00227,TARGET_00065,7.219,78.376522,21.504871,inhibition,experimental,tissue,human,0.94,CHEMBL
DRUG_TARGET_00152,DrugTargets,DRUG_00103,TARGET_00027,6.972,13.147506,34.03588,activation,experimental,cellular,human,0.764,CHEMBL
DRUG_TARGET_00153,DrugTargets,DRUG_00388,TARGET_00113,0.194,42.947027,39.543063,modulation,experimental,biochemical,human,0.626,CHEMBL
DRUG_TARGET_00154,DrugTargets,DRUG_00122,TARGET_00135,8.057,58.574837,7.016662,inhibition,experimental,biochemical,human,0.781,CHEMBL
DRUG_TARGET_00155,DrugTargets,DRUG_00488,TARGET_00159,2.745,68.919259,24.568589,modulation,computational,biochemical,human,0.943,CHEMBL
DRUG_TARGET_00156,DrugTargets,DRUG_00203,TARGET_00171,2.474,47.24344,34.166591,inhibition,experimental,biochemical,human,0.892,CHEMBL
DRUG_TARGET_00157,DrugTargets,DRUG_00161,TARGET_00141,7.464,12.031211,39.771718,inhibition,literature,tissue,human,0.851,CHEMBL
DRUG_TARGET_00158,DrugTargets,DRUG_00272,TARGET_00184,4.673,39.034711,48.581137,modulation,computational,biochemical,human,0.811,CHEMBL
DRUG_TARGET_00159,DrugTargets,DRUG_00360,TARGET_00009,3.594,3.395549,37.215276,modulation,literature,cellular,human,0.91,CHEMBL
DRUG_TARGET_00160,DrugTargets,DRUG_00036,TARGET_00075,1.805,46.353258,23.391622,binding,experimental,biochemical,human,0.928,CHEMBL
DRUG_TARGET_00161,DrugTargets,DRUG_00223,TARGET_00185,4.054,21.317198,41.507932,activation,experimental,cellular,human,0.866,CHEMBL
DRUG_TARGET_00162,DrugTargets,DRUG_00078,TARGET_00068,9.801,97.491467,12.518026,inhibition,computational,biochemical,human,0.774,CHEMBL
DRUG_TARGET_00163,DrugTargets,DRUG_00085,TARGET_00077,0.789,67.858636,11.651397,modulation,experimental,biochemical,human,0.813,CHEMBL
DRUG_TARGET_00164,DrugTargets,DRUG_00254,TARGET_00003,0.233,54.479969,34.917015,activation,computational,biochemical,human,0.713,CHEMBL
DRUG_TARGET_00165,DrugTargets,DRUG_00051,TARGET_00032,1.908,30.362055,5.382714,activation,computational,tissue,human,0.918,CHEMBL
DRUG_TARGET_00166,DrugTargets,DRUG_00491,TARGET_00149,4.059,90.428956,25.677234,activation,experimental,cellular,human,0.862,CHEMBL
DRUG_TARGET_00167,DrugTargets,DRUG_00499,TARGET_00164,2.712,28.079428,30.862277,modulation,literature,tissue,human,0.862,CHEMBL
DRUG_TARGET_00168,DrugTargets,DRUG_00375,TARGET_00098,5.476,79.801568,45.726356,binding,experimental,tissue,human,0.901,CHEMBL
DRUG_TARGET_00169,DrugTargets,DRUG_00231,TARGET_00186,4.957,63.161697,32.558864,inhibition,literature,cellular,human,0.92,CHEMBL
DRUG_TARGET_00170,DrugTargets,DRUG_00389,TARGET_00056,3.05,11.745761,1.147812,modulation,experimental,biochemical,human,0.645,CHEMBL
DRUG_TARGET_00171,DrugTargets,DRUG_00482,TARGET_00137,0.922,3.823126,38.668917,binding,computational,biochemical,human,0.613,CHEMBL
DRUG_TARGET_00172,DrugTargets,DRUG_00475,TARGET_00096,2.177,90.193632,23.745645,inhibition,experimental,biochemical,human,0.774,CHEMBL
DRUG_TARGET_00173,DrugTargets,DRUG_00139,TARGET_00003,7.779,68.426081,10.819041,inhibition,experimental,cellular,human,0.767,CHEMBL
DRUG_TARGET_00174,DrugTargets,DRUG_00075,TARGET_00076,3.08,19.148772,49.843111,modulation,computational,biochemical,human,0.806,CHEMBL
DRUG_TARGET_00175,DrugTargets,DRUG_00356,TARGET_00086,5.039,46.956095,21.453814,inhibition,literature,cellular,human,0.745,CHEMBL
DRUG_TARGET_00176,DrugTargets,DRUG_00168,TARGET_00016,2.762,23.82467,36.135112,inhibition,computational,cellular,human,0.843,CHEMBL
DRUG_TARGET_00177,DrugTargets,DRUG_00417,TARGET_00102,8.635,22.259846,11.720608,activation,literature,biochemical,human,0.61,CHEMBL
DRUG_TARGET_00178,DrugTargets,DRUG_00284,TARGET_00052,5.219,90.32587,43.000928,activation,computational,tissue,human,0.848,CHEMBL
DRUG_TARGET_00179,DrugTargets,DRUG_00122,TARGET_00049,4.11,21.194827,25.952951,inhibition,computational,cellular,human,0.82,CHEMBL
DRUG_TARGET_00180,DrugTargets,DRUG_00271,TARGET_00081,0.114,21.173122,23.225037,binding,literature,cellular,human,0.826,CHEMBL
DRUG_TARGET_00181,DrugTargets,DRUG_00212,TARGET_00101,4.239,46.93943,26.823421,activation,experimental,tissue,human,0.85,CHEMBL
DRUG_TARGET_00182,DrugTargets,DRUG_00191,TARGET_00153,0.509,92.584747,49.592972,activation,literature,biochemical,human,0.693,CHEMBL
DRUG_TARGET_00183,DrugTargets,DRUG_00005,TARGET_00023,1.948,73.926304,48.425809,activation,literature,cellular,human,0.894,CHEMBL
DRUG_TARGET_00184,DrugTargets,DRUG_00402,TARGET_00045,5.629,36.885739,27.575375,binding,experimental,tissue,human,0.914,CHEMBL
DRUG_TARGET_00185,DrugTargets,DRUG_00283,TARGET_00111,8.363,41.673319,27.003761,inhibition,experimental,biochemical,human,0.843,CHEMBL
DRUG_TARGET_00186,DrugTargets,DRUG_00491,TARGET_00198,4.948,42.483497,43.278834,inhibition,experimental,biochemical,human,0.858,CHEMBL
DRUG_TARGET_00187,DrugTargets,DRUG_00397,TARGET_00035,4.942,62.19833,13.229128,modulation,computational,biochemical,human,0.872,CHEMBL
DRUG_TARGET_00188,DrugTargets,DRUG_00226,TARGET_00152,1.991,50.90991,43.993876,activation,computational,tissue,human,0.744,CHEMBL
DRUG_TARGET_00189,DrugTargets,DRUG_00188,TARGET_00139,5.297,43.207316,14.981532,activation,literature,biochemical,human,0.604,CHEMBL
DRUG_TARGET_00190,DrugTargets,DRUG_00045,TARGET_00108,1.723,43.138587,1.258043,modulation,computational,tissue,human,0.648,CHEMBL
DRUG_TARGET_00191,DrugTargets,DRUG_00077,TARGET_00141,6.386,91.737902,46.936095,modulation,literature,cellular,human,0.787,CHEMBL
DRUG_TARGET_00192,DrugTargets,DRUG_00494,TARGET_00039,7.358,99.777081,49.865671,activation,computational,biochemical,human,0.906,CHEMBL
DRUG_TARGET_00193,DrugTargets,DRUG_00102,TARGET_00085,1.205,4.424828,18.11169,binding,literature,cellular,human,0.777,CHEMBL
DRUG_TARGET_00194,DrugTargets,DRUG_00258,TARGET_00012,3.936,59.022524,30.877084,modulation,literature,biochemical,human,0.64,CHEMBL
DRUG_TARGET_00195,DrugTargets,DRUG_00153,TARGET_00179,6.753,62.326255,6.977083,modulation,experimental,biochemical,human,0.903,CHEMBL
DRUG_TARGET_00196,DrugTargets,DRUG_00138,TARGET_00031,6.408,13.758229,19.562747,activation,computational,tissue,human,0.834,CHEMBL
DRUG_TARGET_00197,DrugTargets,DRUG_00280,TARGET_00155,6.868,60.237064,20.23475,modulation,experimental,cellular,human,0.827,CHEMBL
DRUG_TARGET_00198,DrugTargets,DRUG_00242,TARGET_00078,5.93,27.135302,19.946816,modulation,literature,tissue,human,0.892,CHEMBL
DRUG_TARGET_00199,DrugTargets,DRUG_00306,TARGET_00152,3.271,51.811243,0.310525,binding,experimental,tissue,human,0.817,CHEMBL
DRUG_TARGET_00200,DrugTargets,DRUG_00139,TARGET_00145,6.003,80.50144,8.462398,inhibition,literature,biochemical,human,0.773,CHEMBL
DRUG_TARGET_00201,DrugTargets,DRUG_00181,TARGET_00028,2.872,49.631538,8.276,activation,computational,cellular,human,0.689,CHEMBL
DRUG_TARGET_00202,DrugTargets,DRUG_00079,TARGET_00020,0.661,38.715487,41.257657,binding,literature,cellular,human,0.639,CHEMBL
DRUG_TARGET_00203,DrugTargets,DRUG_00161,TARGET_00005,3.698,76.756827,30.396605,inhibition,literature,cellular,human,0.62,CHEMBL
DRUG_TARGET_00204,DrugTargets,DRUG_00279,TARGET_00078,9.265,7.44829,47.335588,inhibition,literature,cellular,human,0.727,CHEMBL
DRUG_TARGET_00205,DrugTargets,DRUG_00333,TARGET_00116,7.228,2.567392,36.448994,modulation,computational,tissue,human,0.804,CHEMBL
DRUG_TARGET_00206,DrugTargets,DRUG_00134,TARGET_00006,7.77,90.083436,10.886542,modulation,computational,cellular,human,0.608,CHEMBL
DRUG_TARGET_00207,DrugTargets,DRUG_00321,TARGET_00200,9.383,9.20561,35.575455,modulation,experimental,biochemical,human,0.684,CHEMBL
DRUG_TARGET_00208,DrugTargets,DRUG_00185,TARGET_00006,5.438,93.445684,5.311365,binding,computational,tissue,human,0.838,CHEMBL
DRUG_TARGET_00209,DrugTargets,DRUG_00314,TARGET_00128,2.446,98.887763,6.331266,binding,experimental,cellular,human,0.628,CHEMBL
DRUG_TARGET_00210,DrugTargets,DRUG_00252,TARGET_00172,7.445,53.537302,17.532745,inhibition,literature,biochemical,human,0.726,CHEMBL
DRUG_TARGET_00211,DrugTargets,DRUG_00411,TARGET_00026,2.939,93.9699,42.580133,modulation,computational,biochemical,human,0.737,CHEMBL
DRUG_TARGET_00212,DrugTargets,DRUG_00054,TARGET_00074,6.413,20.987434,43.220833,modulation,computational,biochemical,human,0.699,CHEMBL
DRUG_TARGET_00213,DrugTargets,DRUG_00380,TARGET_00174,4.203,20.91242,40.859238,binding,literature,tissue,human,0.819,CHEMBL
DRUG_TARGET_00214,DrugTargets,DRUG_00297,TARGET_00110,0.427,33.50317,16.09823,inhibition,experimental,biochemical,human,0.818,CHEMBL
DRUG_TARGET_00215,DrugTargets,DRUG_00327,TARGET_00035,0.231,1.463033,46.351032,modulation,literature,cellular,human,0.735,CHEMBL
DRUG_TARGET_00216,DrugTargets,DRUG_00140,TARGET_00155,8.87,20.844634,22.845427,inhibition,computational,biochemical,human,0.893,CHEMBL
DRUG_TARGET_00217,DrugTargets,DRUG_00377,TARGET_00002,9.121,14.60586,7.465568,inhibition,experimental,cellular,human,0.767,CHEMBL
DRUG_TARGET_00218,DrugTargets,DRUG_00263,TARGET_00112,7.898,99.204855,41.085387,activation,computational,biochemical,human,0.865,CHEMBL
DRUG_TARGET_00219,DrugTargets,DRUG_00211,TARGET_00160,3.936,60.941244,13.365013,inhibition,experimental,tissue,human,0.722,CHEMBL
DRUG_TARGET_00220,DrugTargets,DRUG_00334,TARGET_00022,2.085,49.443612,3.926188,binding,literature,biochemical,human,0.892,CHEMBL
DRUG_TARGET_00221,DrugTargets,DRUG_00243,TARGET_00161,1.635,74.964409,5.485142,activation,experimental,cellular,human,0.697,CHEMBL
DRUG_TARGET_00222,DrugTargets,DRUG_00283,TARGET_00141,3.487,16.26296,12.40365,binding,computational,tissue,human,0.763,CHEMBL
DRUG_TARGET_00223,DrugTargets,DRUG_00367,TARGET_00062,7.21,61.296331,22.503683,inhibition,literature,tissue,human,0.835,CHEMBL
DRUG_TARGET_00224,DrugTargets,DRUG_00391,TARGET_00138,9.612,92.959067,3.12095,activation,computational,cellular,human,0.791,CHEMBL
DRUG_TARGET_00225,DrugTargets,DRUG_00300,TARGET_00162,8.681,65.079458,13.135313,activation,computational,tissue,human,0.707,CHEMBL
DRUG_TARGET_00226,DrugTargets,DRUG_00173,TARGET_00101,1.209,52.579587,40.791083,activation,literature,cellular,human,0.665,CHEMBL
DRUG_TARGET_00227,DrugTargets,DRUG_00443,TARGET_00194,3.418,3.618303,43.963271,modulation,computational,biochemical,human,0.866,CHEMBL
DRUG_TARGET_00228,DrugTargets,DRUG_00260,TARGET_00113,1.516,1.378527,13.23264,activation,experimental,biochemical,human,0.933,CHEMBL
DRUG_TARGET_00229,DrugTargets,DRUG_00327,TARGET_00091,6.278,84.151161,47.490825,modulation,literature,biochemical,human,0.842,CHEMBL
DRUG_TARGET_00230,DrugTargets,DRUG_00276,TARGET_00181,5.647,39.905574,49.891789,activation,literature,tissue,human,0.622,CHEMBL
DRUG_TARGET_00231,DrugTargets,DRUG_00070,TARGET_00190,7.792,81.45156,4.052588,activation,literature,tissue,human,0.606,CHEMBL
DRUG_TARGET_00232,DrugTargets,DRUG_00220,TARGET_00110,3.131,65.553283,38.106786,inhibition,computational,cellular,human,0.764,CHEMBL
DRUG_TARGET_00233,DrugTargets,DRUG_00168,TARGET_00184,8.332,54.844799,46.251038,modulation,experimental,cellular,human,0.92,CHEMBL
DRUG_TARGET_00234,DrugTargets,DRUG_00031,TARGET_00062,6.084,4.756318,15.834197,modulation,experimental,cellular,human,0.931,CHEMBL
DRUG_TARGET_00235,DrugTargets,DRUG_00144,TARGET_00169,5.446,19.459933,22.593171,modulation,literature,biochemical,human,0.604,CHEMBL
DRUG_TARGET_00236,DrugTargets,DRUG_00014,TARGET_00132,0.693,40.330342,17.87089,modulation,literature,biochemical,human,0.779,CHEMBL
DRUG_TARGET_00237,DrugTargets,DRUG_00206,TARGET_00193,0.373,50.182615,48.678659,modulation,literature,cellular,human,0.735,CHEMBL
DRUG_TARGET_00238,DrugTargets,DRUG_00264,TARGET_00077,6.047,66.459415,23.360087,modulation,computational,cellular,human,0.701,CHEMBL
DRUG_TARGET_00239,DrugTargets,DRUG_00234,TARGET_00056,2.676,90.236584,31.922347,activation,computational,cellular,human,0.757,CHEMBL
DRUG_TARGET_00240,DrugTargets,DRUG_00093,TARGET_00054,5.874,87.471914,15.550321,activation,literature,biochemical,human,0.611,CHEMBL
DRUG_TARGET_00241,DrugTargets,DRUG_00385,TARGET_00116,9.138,51.882344,37.820881,activation,literature,cellular,human,0.892,CHEMBL
DRUG_TARGET_00242,DrugTargets,DRUG_00164,TARGET_00127,7.019,85.691406,41.782939,activation,computational,cellular,human,0.638,CHEMBL
DRUG_TARGET_00243,DrugTargets,DRUG_00461,TARGET_00047,1.788,41.829869,36.955361,activation,experimental,tissue,human,0.649,CHEMBL
DRUG_TARGET_00244,DrugTargets,DRUG_00087,TARGET_00117,4.005,32.447062,18.295788,inhibition,computational,cellular,human,0.709,CHEMBL
DRUG_TARGET_00245,DrugTargets,DRUG_00464,TARGET_00109,2.805,60.21542,49.446307,activation,literature,biochemical,human,0.623,CHEMBL
DRUG_TARGET_00246,DrugTargets,DRUG_00131,TARGET_00025,1.229,33.104326,32.114079,binding,literature,tissue,human,0.611,CHEMBL
DRUG_TARGET_00247,DrugTargets,DRUG_00025,TARGET_00164,5.768,43.202556,33.173116,inhibition,literature,biochemical,human,0.898,CHEMBL
DRUG_TARGET_00248,DrugTargets,DRUG_00175,TARGET_00114,1.071,44.342664,6.01197,modulation,literature,biochemical,human,0.894,CHEMBL
DRUG_TARGET_00249,DrugTargets,DRUG_00428,TARGET_00170,1.707,86.304258,23.841035,inhibition,literature,tissue,human,0.871,CHEMBL
DRUG_TARGET_00250,DrugTargets,DRUG_00256,TARGET_00143,9.713,46.395744,22.341133,activation,literature,cellular,human,0.736,CHEMBL
DRUG_TARGET_00251,DrugTargets,DRUG_00061,TARGET_00104,1.898,68.212329,46.124754,inhibition,computational,cellular,human,0.612,CHEMBL
DRUG_TARGET_00252,DrugTargets,DRUG_00310,TARGET_00110,8.926,91.827446,37.899816,binding,computational,biochemical,human,0.737,CHEMBL
DRUG_TARGET_00253,DrugTargets,DRUG_00454,TARGET_00158,0.184,10.906734,34.040268,modulation,experimental,tissue,human,0.754,CHEMBL
DRUG_TARGET_00254,DrugTargets,DRUG_00245,TARGET_00044,0.741,77.186528,8.732521,modulation,experimental,cellular,human,0.697,CHEMBL
DRUG_TARGET_00255,DrugTargets,DRUG_00234,TARGET_00128,5.936,64.64609,28.144127,binding,computational,cellular,human,0.916,CHEMBL
DRUG_TARGET_00256,DrugTargets,DRUG_00132,TARGET_00028,8.835,67.586016,42.372858,inhibition,computational,biochemical,human,0.816,CHEMBL
DRUG_TARGET_00257,DrugTargets,DRUG_00152,TARGET_00081,0.964,72.037766,2.819649,modulation,computational,cellular,human,0.859,CHEMBL
DRUG_TARGET_00258,DrugTargets,DRUG_00315,TARGET_00015,7.49,72.712347,0.268128,activation,literature,biochemical,human,0.864,CHEMBL
DRUG_TARGET_00259,DrugTargets,DRUG_00033,TARGET_00183,6.102,41.348943,31.447375,modulation,literature,tissue,human,0.669,CHEMBL
DRUG_TARGET_00260,DrugTargets,DRUG_00452,TARGET_00047,0.863,78.05345,23.399312,activation,computational,tissue,human,0.751,CHEMBL
DRUG_TARGET_00261,DrugTargets,DRUG_00208,TARGET_00074,0.822,29.539129,39.159081,activation,experimental,biochemical,human,0.822,CHEMBL
DRUG_TARGET_00262,DrugTargets,DRUG_00087,TARGET_00151,3.562,6.719335,47.112577,binding,literature,biochemical,human,0.647,CHEMBL
DRUG_TARGET_00263,DrugTargets,DRUG_00382,TARGET_00014,5.332,67.848095,25.10834,binding,experimental,cellular,human,0.692,CHEMBL
DRUG_TARGET_00264,DrugTargets,DRUG_00318,TARGET_00044,5.356,14.942636,20.788472,inhibition,computational,biochemical,human,0.767,CHEMBL
DRUG_TARGET_00265,DrugTargets,DRUG_00227,TARGET_00059,8.19,4.894346,20.973482,inhibition,computational,cellular,human,0.847,CHEMBL
DRUG_TARGET_00266,DrugTargets,DRUG_00271,TARGET_00192,9.051,41.700889,12.997902,activation,computational,cellular,human,0.947,CHEMBL
DRUG_TARGET_00267,DrugTargets,DRUG_00053,TARGET_00126,9.885,76.644861,42.095424,binding,computational,cellular,human,0.867,CHEMBL
DRUG_TARGET_00268,DrugTargets,DRUG_00248,TARGET_00022,1.318,36.92861,34.605471,activation,literature,tissue,human,0.853,CHEMBL
DRUG_TARGET_00269,DrugTargets,DRUG_00067,TARGET_00200,9.35,79.807445,49.125968,inhibition,computational,biochemical,human,0.658,CHEMBL
DRUG_TARGET_00270,DrugTargets,DRUG_00477,TARGET_00129,3.009,99.541604,1.97639,modulation,experimental,biochemical,human,0.81,CHEMBL
DRUG_TARGET_00271,DrugTargets,DRUG_00255,TARGET_00180,3.016,72.102371,48.711489,binding,literature,biochemical,human,0.724,CHEMBL
DRUG_TARGET_00272,DrugTargets,DRUG_00011,TARGET_00092,0.651,90.607348,23.603717,activation,computational,tissue,human,0.639,CHEMBL
DRUG_TARGET_00273,DrugTargets,DRUG_00194,TARGET_00183,5.77,85.205159,22.503627,activation,literature,tissue,human,0.728,CHEMBL
DRUG_TARGET_00274,DrugTargets,DRUG_00380,TARGET_00174,8.091,19.123813,23.076369,modulation,computational,cellular,human,0.624,CHEMBL
DRUG_TARGET_00275,DrugTargets,DRUG_00431,TARGET_00122,3.557,25.662523,13.393542,inhibition,computational,tissue,human,0.775,CHEMBL
DRUG_TARGET_00276,DrugTargets,DRUG_00331,TARGET_00127,1.39,99.581536,34.770907,binding,experimental,biochemical,human,0.666,CHEMBL
DRUG_TARGET_00277,DrugTargets,DRUG_00034,TARGET_00045,1.86,52.257661,39.746839,modulation,literature,tissue,human,0.885,CHEMBL
DRUG_TARGET_00278,DrugTargets,DRUG_00145,TARGET_00116,1.548,44.241969,22.728956,binding,experimental,cellular,human,0.881,CHEMBL
DRUG_TARGET_00279,DrugTargets,DRUG_00477,TARGET_00127,4.274,31.308274,38.156094,inhibition,experimental,cellular,human,0.625,CHEMBL
DRUG_TARGET_00280,DrugTargets,DRUG_00089,TARGET_00083,5.546,61.54435,0.651619,binding,experimental,cellular,human,0.85,CHEMBL
DRUG_TARGET_00281,DrugTargets,DRUG_00070,TARGET_00194,4.914,84.948543,34.067919,binding,literature,biochemical,human,0.758,CHEMBL
DRUG_TARGET_00282,DrugTargets,DRUG_00401,TARGET_00097,4.204,91.739247,25.765306,modulation,experimental,tissue,human,0.639,CHEMBL
DRUG_TARGET_00283,DrugTargets,DRUG_00455,TARGET_00004,5.755,16.333744,41.004079,inhibition,experimental,biochemical,human,0.644,CHEMBL
DRUG_TARGET_00284,DrugTargets,DRUG_00417,TARGET_00056,8.323,79.842248,19.886636,modulation,computational,biochemical,human,0.757,CHEMBL
DRUG_TARGET_00285,DrugTargets,DRUG_00133,TARGET_00174,2.824,11.555435,2.115038,binding,experimental,cellular,human,0.76,CHEMBL
DRUG_TARGET_00286,DrugTargets,DRUG_00256,TARGET_00011,9.644,26.800497,46.588682,inhibition,experimental,biochemical,human,0.929,CHEMBL
DRUG_TARGET_00287,DrugTargets,DRUG_00145,TARGET_00088,4.067,0.272473,21.797361,modulation,computational,cellular,human,0.781,CHEMBL
DRUG_TARGET_00288,DrugTargets,DRUG_00358,TARGET_00058,4.44,41.913472,6.496129,binding,computational,tissue,human,0.643,CHEMBL
DRUG_TARGET_00289,DrugTargets,DRUG_00115,TARGET_00047,8.496,51.100909,42.740655,activation,literature,biochemical,human,0.636,CHEMBL
DRUG_TARGET_00290,DrugTargets,DRUG_00060,TARGET_00050,7.703,56.091033,19.170402,activation,literature,biochemical,human,0.761,CHEMBL
DRUG_TARGET_00291,DrugTargets,DRUG_00340,TARGET_00141,4.732,34.407318,2.374049,modulation,computational,tissue,human,0.65,CHEMBL
DRUG_TARGET_00292,DrugTargets,DRUG_00216,TARGET_00115,9.802,39.962534,5.496204,modulation,experimental,tissue,human,0.681,CHEMBL
DRUG_TARGET_00293,DrugTargets,DRUG_00135,TARGET_00050,3.31,37.262792,48.565888,inhibition,experimental,biochemical,human,0.618,CHEMBL
DRUG_TARGET_00294,DrugTargets,DRUG_00377,TARGET_00065,7.157,7.793423,40.973029,inhibition,computational,tissue,human,0.615,CHEMBL
DRUG_TARGET_00295,DrugTargets,DRUG_00391,TARGET_00100,8.132,0.340649,15.94337,activation,computational,tissue,human,0.865,CHEMBL
DRUG_TARGET_00296,DrugTargets,DRUG_00244,TARGET_00125,7.217,83.795598,40.300274,modulation,literature,cellular,human,0.946,CHEMBL
DRUG_TARGET_00297,DrugTargets,DRUG_00149,TARGET_00180,3.414,48.131481,12.110838,binding,experimental,cellular,human,0.63,CHEMBL
DRUG_TARGET_00298,DrugTargets,DRUG_00240,TARGET_00079,5.562,49.206103,35.847989,activation,literature,biochemical,human,0.823,CHEMBL
DRUG_TARGET_00299,DrugTargets,DRUG_00474,TARGET_00019,6.141,99.225545,9.177354,modulation,literature,tissue,human,0.778,CHEMBL
DRUG_TARGET_00300,DrugTargets,DRUG_00333,TARGET_00180,4.104,23.28966,9.817021,activation,literature,biochemical,human,0.949,CHEMBL
DRUG_TARGET_00301,DrugTargets,DRUG_00263,TARGET_00041,3.041,17.963673,46.812612,binding,literature,biochemical,human,0.821,CHEMBL
DRUG_TARGET_00302,DrugTargets,DRUG_00461,TARGET_00075,0.52,56.434403,20.644966,inhibition,literature,biochemical,human,0.851,CHEMBL
DRUG_TARGET_00303,DrugTargets,DRUG_00298,TARGET_00019,2.62,45.428377,31.812231,activation,literature,cellular,human,0.907,CHEMBL
DRUG_TARGET_00304,DrugTargets,DRUG_00035,TARGET_00059,4.865,54.989443,36.145499,modulation,literature,tissue,human,0.699,CHEMBL
DRUG_TARGET_00305,DrugTargets,DRUG_00439,TARGET_00149,3.327,91.961925,0.068557,binding,experimental,cellular,human,0.723,CHEMBL
DRUG_TARGET_00306,DrugTargets,DRUG_00122,TARGET_00184,1.313,68.807072,24.439888,activation,computational,tissue,human,0.784,CHEMBL
DRUG_TARGET_00307,DrugTargets,DRUG_00464,TARGET_00194,6.993,71.859976,2.47539,binding,computational,cellular,human,0.938,CHEMBL
DRUG_TARGET_00308,DrugTargets,DRUG_00469,TARGET_00047,5.604,62.557742,22.960336,inhibition,literature,biochemical,human,0.642,CHEMBL
DRUG_TARGET_00309,DrugTargets,DRUG_00064,TARGET_00110,2.202,14.191626,13.496841,binding,computational,tissue,human,0.705,CHEMBL
DRUG_TARGET_00310,DrugTargets,DRUG_00263,TARGET_00079,4.715,93.783169,48.73504,activation,experimental,tissue,human,0.921,CHEMBL
DRUG_TARGET_00311,DrugTargets,DRUG_00030,TARGET_00067,4.534,6.199412,37.018725,inhibition,literature,biochemical,human,0.859,CHEMBL
DRUG_TARGET_00312,DrugTargets,DRUG_00134,TARGET_00088,5.058,12.375051,26.809883,inhibition,computational,biochemical,human,0.655,CHEMBL
DRUG_TARGET_00313,DrugTargets,DRUG_00384,TARGET_00153,5.887,81.390445,15.537938,modulation,computational,biochemical,human,0.686,CHEMBL
DRUG_TARGET_00314,DrugTargets,DRUG_00323,TARGET_00116,4.718,68.696376,8.470928,binding,literature,cellular,human,0.763,CHEMBL
DRUG_TARGET_00315,DrugTargets,DRUG_00075,TARGET_00051,2.556,87.226739,20.793598,binding,computational,tissue,human,0.918,CHEMBL
DRUG_TARGET_00316,DrugTargets,DRUG_00299,TARGET_00023,8.054,85.514926,11.56686,inhibition,computational,cellular,human,0.733,CHEMBL
DRUG_TARGET_00317,DrugTargets,DRUG_00367,TARGET_00190,0.177,86.039913,1.827308,modulation,computational,tissue,human,0.764,CHEMBL
DRUG_TARGET_00318,DrugTargets,DRUG_00127,TARGET_00136,7.122,95.233595,39.102303,activation,computational,cellular,human,0.929,CHEMBL
DRUG_TARGET_00319,DrugTargets,DRUG_00369,TARGET_00152,6.275,80.87636,4.908695,inhibition,literature,biochemical,human,0.71,CHEMBL
DRUG_TARGET_00320,DrugTargets,DRUG_00402,TARGET_00129,9.755,95.15616,30.53987,activation,experimental,tissue,human,0.834,CHEMBL
DRUG_TARGET_00321,DrugTargets,DRUG_00130,TARGET_00040,6.858,7.70097,8.632579,activation,computational,tissue,human,0.685,CHEMBL
DRUG_TARGET_00322,DrugTargets,DRUG_00494,TARGET_00185,6.353,77.541395,12.175458,inhibition,experimental,cellular,human,0.704,CHEMBL
DRUG_TARGET_00323,DrugTargets,DRUG_00500,TARGET_00179,4.66,74.867473,38.00815,activation,literature,tissue,human,0.698,CHEMBL
DRUG_TARGET_00324,DrugTargets,DRUG_00035,TARGET_00154,1.43,81.657138,44.404896,binding,computational,tissue,human,0.872,CHEMBL
DRUG_TARGET_00325,DrugTargets,DRUG_00402,TARGET_00006,1.57,6.171701,3.729639,inhibition,computational,cellular,human,0.661,CHEMBL
DRUG_TARGET_00326,DrugTargets,DRUG_00001,TARGET_00084,9.655,7.439025,40.59065,activation,experimental,biochemical,human,0.67,CHEMBL
DRUG_TARGET_00327,DrugTargets,DRUG_00459,TARGET_00124,6.602,67.09148,27.677829,modulation,literature,tissue,human,0.862,CHEMBL
DRUG_TARGET_00328,DrugTargets,DRUG_00074,TARGET_00127,0.957,19.848171,15.507171,binding,experimental,tissue,human,0.889,CHEMBL
DRUG_TARGET_00329,DrugTargets,DRUG_00497,TARGET_00040,7.275,12.128232,6.182828,binding,experimental,cellular,human,0.698,CHEMBL
DRUG_TARGET_00330,DrugTargets,DRUG_00360,TARGET_00002,9.473,24.659416,29.30167,inhibition,computational,biochemical,human,0.672,CHEMBL
DRUG_TARGET_00331,DrugTargets,DRUG_00196,TARGET_00108,4.669,11.700937,31.544435,inhibition,computational,tissue,human,0.748,CHEMBL
DRUG_TARGET_00332,DrugTargets,DRUG_00327,TARGET_00127,5.015,46.62737,28.212434,binding,experimental,tissue,human,0.61,CHEMBL
DRUG_TARGET_00333,DrugTargets,DRUG_00282,TARGET_00083,9.583,14.691289,47.235797,activation,computational,tissue,human,0.607,CHEMBL
DRUG_TARGET_00334,DrugTargets,DRUG_00003,TARGET_00193,7.793,82.346873,13.057212,inhibition,experimental,biochemical,human,0.685,CHEMBL
DRUG_TARGET_00335,DrugTargets,DRUG_00174,TARGET_00183,8.132,68.69618,21.934302,activation,computational,biochemical,human,0.86,CHEMBL
DRUG_TARGET_00336,DrugTargets,DRUG_00211,TARGET_00004,3.74,4.542119,27.251091,inhibition,literature,tissue,human,0.764,CHEMBL
DRUG_TARGET_00337,DrugTargets,DRUG_00348,TARGET_00089,5.064,30.267653,29.185097,activation,computational,tissue,human,0.626,CHEMBL
DRUG_TARGET_00338,DrugTargets,DRUG_00076,TARGET_00157,9.633,65.285867,40.378027,inhibition,experimental,cellular,human,0.897,CHEMBL
DRUG_TARGET_00339,DrugTargets,DRUG_00213,TARGET_00182,1.911,77.095969,33.213722,inhibition,experimental,biochemical,human,0.905,CHEMBL
DRUG_TARGET_00340,DrugTargets,DRUG_00338,TARGET_00122,9.152,18.230953,12.572098,binding,literature,cellular,human,0.676,CHEMBL
DRUG_TARGET_00341,DrugTargets,DRUG_00078,TARGET_00005,8.351,56.008313,17.323283,binding,literature,biochemical,human,0.759,CHEMBL
DRUG_TARGET_00342,DrugTargets,DRUG_00140,TARGET_00016,6.914,51.078678,5.574272,activation,computational,biochemical,human,0.855,CHEMBL
DRUG_TARGET_00343,DrugTargets,DRUG_00171,TARGET_00025,5.488,2.726386,18.031955,binding,computational,cellular,human,0.691,CHEMBL
DRUG_TARGET_00344,DrugTargets,DRUG_00481,TARGET_00164,3.522,25.761428,15.998551,binding,computational,tissue,human,0.947,CHEMBL
DRUG_TARGET_00345,DrugTargets,DRUG_00481,TARGET_00124,7.458,41.749024,36.482813,modulation,computational,cellular,human,0.675,CHEMBL
DRUG_TARGET_00346,DrugTargets,DRUG_00030,TARGET_00180,3.97,98.744019,22.477013,activation,literature,cellular,human,0.845,CHEMBL
DRUG_TARGET_00347,DrugTargets,DRUG_00245,TARGET_00151,1.385,96.239086,35.006245,inhibition,experimental,cellular,human,0.766,CHEMBL
DRUG_TARGET_00348,DrugTargets,DRUG_00223,TARGET_00041,0.795,75.39659,8.492524,activation,experimental,biochemical,human,0.688,CHEMBL
DRUG_TARGET_00349,DrugTargets,DRUG_00146,TARGET_00180,9.898,63.006239,25.105842,activation,literature,biochemical,human,0.73,CHEMBL
DRUG_TARGET_00350,DrugTargets,DRUG_00167,TARGET_00097,9.506,88.509724,37.604874,binding,experimental,biochemical,human,0.693,CHEMBL
DRUG_TARGET_00351,DrugTargets,DRUG_00256,TARGET_00098,2.108,40.76883,25.223372,binding,computational,cellular,human,0.9,CHEMBL
DRUG_TARGET_00352,DrugTargets,DRUG_00474,TARGET_00033,4.823,65.595038,4.79632,modulation,computational,cellular,human,0.647,CHEMBL
DRUG_TARGET_00353,DrugTargets,DRUG_00425,TARGET_00187,5.982,47.387085,20.423558,binding,literature,biochemical,human,0.825,CHEMBL
DRUG_TARGET_00354,DrugTargets,DRUG_00459,TARGET_00154,2.248,20.638535,48.121441,activation,computational,cellular,human,0.704,CHEMBL
DRUG_TARGET_00355,DrugTargets,DRUG_00273,TARGET_00118,4.605,30.299892,4.553366,modulation,literature,biochemical,human,0.919,CHEMBL
DRUG_TARGET_00356,DrugTargets,DRUG_00312,TARGET_00115,9.63,83.545494,24.928171,activation,literature,cellular,human,0.79,CHEMBL
DRUG_TARGET_00357,DrugTargets,DRUG_00474,TARGET_00074,0.175,37.01366,6.426653,activation,experimental,tissue,human,0.64,CHEMBL
DRUG_TARGET_00358,DrugTargets,DRUG_00211,TARGET_00170,1.411,57.122608,49.581552,activation,computational,cellular,human,0.779,CHEMBL
DRUG_TARGET_00359,DrugTargets,DRUG_00026,TARGET_00029,6.107,15.864453,10.145352,activation,literature,biochemical,human,0.685,CHEMBL
DRUG_TARGET_00360,DrugTargets,DRUG_00058,TARGET_00090,6.691,62.852487,28.702464,inhibition,experimental,cellular,human,0.683,CHEMBL
DRUG_TARGET_00361,DrugTargets,DRUG_00149,TARGET_00135,1.451,24.868126,30.599627,activation,experimental,biochemical,human,0.602,CHEMBL
DRUG_TARGET_00362,DrugTargets,DRUG_00095,TARGET_00013,4.391,54.33539,30.669619,inhibition,computational,tissue,human,0.75,CHEMBL
DRUG_TARGET_00363,DrugTargets,DRUG_00339,TARGET_00028,5.105,9.441132,10.28459,binding,computational,biochemical,human,0.941,CHEMBL
DRUG_TARGET_00364,DrugTargets,DRUG_00205,TARGET_00098,7.124,51.474922,43.387929,modulation,computational,tissue,human,0.791,CHEMBL
DRUG_TARGET_00365,DrugTargets,DRUG_00281,TARGET_00187,1.324,22.110848,8.364146,modulation,computational,tissue,human,0.636,CHEMBL
DRUG_TARGET_00366,DrugTargets,DRUG_00171,TARGET_00081,6.532,52.284036,3.727956,modulation,literature,biochemical,human,0.936,CHEMBL
DRUG_TARGET_00367,DrugTargets,DRUG_00037,TARGET_00099,8.959,7.86775,19.082554,binding,experimental,tissue,human,0.733,CHEMBL
DRUG_TARGET_00368,DrugTargets,DRUG_00363,TARGET_00044,7.683,0.580135,34.822161,binding,computational,biochemical,human,0.882,CHEMBL
DRUG_TARGET_00369,DrugTargets,DRUG_00466,TARGET_00172,9.351,89.734376,30.372584,inhibition,literature,cellular,human,0.675,CHEMBL
DRUG_TARGET_00370,DrugTargets,DRUG_00115,TARGET_00105,2.282,0.58315,14.71605,activation,computational,cellular,human,0.687,CHEMBL
DRUG_TARGET_00371,DrugTargets,DRUG_00333,TARGET_00128,0.902,39.942316,36.516003,inhibition,literature,cellular,human,0.719,CHEMBL
DRUG_TARGET_00372,DrugTargets,DRUG_00083,TARGET_00192,1.113,16.48942,36.298751,binding,computational,cellular,human,0.919,CHEMBL
DRUG_TARGET_00373,DrugTargets,DRUG_00086,TARGET_00015,8.499,2.118281,16.414747,inhibition,literature,biochemical,human,0.826,CHEMBL
DRUG_TARGET_00374,DrugTargets,DRUG_00377,TARGET_00059,0.199,68.753836,0.616941,inhibition,computational,cellular,human,0.686,CHEMBL
DRUG_TARGET_00375,DrugTargets,DRUG_00228,TARGET_00039,1.545,31.382372,46.35763,modulation,literature,tissue,human,0.649,CHEMBL
DRUG_TARGET_00376,DrugTargets,DRUG_00228,TARGET_00145,9.131,76.786534,46.329805,inhibition,experimental,cellular,human,0.801,CHEMBL
DRUG_TARGET_00377,DrugTargets,DRUG_00302,TARGET_00030,4.189,32.266534,31.013533,modulation,computational,tissue,human,0.676,CHEMBL
DRUG_TARGET_00378,DrugTargets,DRUG_00046,TARGET_00028,4.451,22.067932,44.02016,binding,literature,cellular,human,0.944,CHEMBL
DRUG_TARGET_00379,DrugTargets,DRUG_00395,TARGET_00135,5.125,99.559614,25.399494,binding,literature,cellular,human,0.811,CHEMBL
DRUG_TARGET_00380,DrugTargets,DRUG_00473,TARGET_00078,7.404,63.567256,10.050409,binding,computational,cellular,human,0.905,CHEMBL
DRUG_TARGET_00381,DrugTargets,DRUG_00343,TARGET_00164,2.035,98.274491,31.926811,activation,experimental,cellular,human,0.938,CHEMBL
DRUG_TARGET_00382,DrugTargets,DRUG_00500,TARGET_00040,8.545,91.8042,42.057831,modulation,literature,cellular,human,0.832,CHEMBL
DRUG_TARGET_00383,DrugTargets,DRUG_00299,TARGET_00135,9.229,70.58495,48.683127,binding,literature,cellular,human,0.927,CHEMBL
DRUG_TARGET_00384,DrugTargets,DRUG_00225,TARGET_00181,1.926,42.973686,30.434484,activation,literature,cellular,human,0.629,CHEMBL
DRUG_TARGET_00385,DrugTargets,DRUG_00350,TARGET_00065,9.59,89.756422,38.273495,inhibition,experimental,biochemical,human,0.913,CHEMBL
DRUG_TARGET_00386,DrugTargets,DRUG_00070,TARGET_00167,0.793,45.586957,40.475177,binding,literature,biochemical,human,0.863,CHEMBL
DRUG_TARGET_00387,DrugTargets,DRUG_00402,TARGET_00131,5.838,57.620884,29.102475,activation,experimental,cellular,human,0.602,CHEMBL
DRUG_TARGET_00388,DrugTargets,DRUG_00178,TARGET_00031,9.829,52.482366,31.669311,inhibition,literature,cellular,human,0.791,CHEMBL
DRUG_TARGET_00389,DrugTargets,DRUG_00228,TARGET_00172,6.984,92.994018,35.72476,modulation,literature,tissue,human,0.683,CHEMBL
DRUG_TARGET_00390,DrugTargets,DRUG_00484,TARGET_00135,7.654,69.615559,14.584582,binding,experimental,tissue,human,0.79,CHEMBL
DRUG_TARGET_00391,DrugTargets,DRUG_00399,TARGET_00189,1.258,34.69581,0.963214,binding,computational,biochemical,human,0.639,CHEMBL
DRUG_TARGET_00392,DrugTargets,DRUG_00429,TARGET_00192,8.694,17.148671,30.829142,modulation,literature,biochemical,human,0.777,CHEMBL
DRUG_TARGET_00393,DrugTargets,DRUG_00098,TARGET_00016,1.869,44.609725,38.385596,activation,computational,tissue,human,0.908,CHEMBL
DRUG_TARGET_00394,DrugTargets,DRUG_00326,TARGET_00011,9.712,98.715427,2.307096,modulation,experimental,biochemical,human,0.93,CHEMBL
DRUG_TARGET_00395,DrugTargets,DRUG_00311,TARGET_00002,7.248,71.130354,34.061786,binding,experimental,biochemical,human,0.668,CHEMBL
DRUG_TARGET_00396,DrugTargets,DRUG_00041,TARGET_00075,0.662,42.016122,42.660976,binding,experimental,biochemical,human,0.773,CHEMBL
DRUG_TARGET_00397,DrugTargets,DRUG_00143,TARGET_00125,5.709,24.997135,19.189946,binding,experimental,tissue,human,0.827,CHEMBL
DRUG_TARGET_00398,DrugTargets,DRUG_00432,TARGET_00017,0.731,80.463976,32.547486,inhibition,computational,cellular,human,0.62,CHEMBL
DRUG_TARGET_00399,DrugTargets,DRUG_00191,TARGET_00118,7.574,60.72306,19.085224,inhibition,literature,biochemical,human,0.821,CHEMBL
DRUG_TARGET_00400,DrugTargets,DRUG_00310,TARGET_00023,9.936,51.852751,44.350948,activation,computational,biochemical,human,0.824,CHEMBL
